district,Sandık sayısı,Kayıtlı seçmen sayısı,Oy kullanan seçmen sayısı,Geçerli oy sayısı,AK PARTİ,MHP,HÜDA PAR,VATAN PARTİSİ,HDP,CHP,SAADET PARTİSİ,İYİ PARTİ,CUMHUR İTTİFAKI,MİLLET İTTİFAKI,BĞMZ,city
Altıntaş,52,12447,11019,10720,6152,1984,23,29,64,1218,143,962,133,12,0,Kütahya
Domaniç,53,11945,11056,10698,6073,1304,37,50,64,1344,247,1449,117,13,0,Kütahya
Emet,70,15888,14465,14133,8363,2383,24,29,49,1344,424,1311,179,27,0,Kütahya
Gediz,154,38202,35221,34276,19464,4942,83,100,127,3823,330,4949,402,56,0,Kütahya
Kütahya Merkez,597,181076,165013,162388,79048,37574,252,253,1484,23636,3032,14748,2017,344,0,Kütahya
Simav,209,50435,45939,44538,26609,5067,160,207,200,5252,584,5911,468,80,0,Kütahya
Tavşanlı,286,77636,72096,70467,40426,11586,133,128,571,7104,1656,7889,805,169,0,Kütahya
Aslanapa,39,7501,7051,6915,4297,1576,11,16,10,287,67,500,147,4,0,Kütahya
Dumlupınar,14,2419,2136,2072,1013,365,7,9,7,397,35,203,32,4,0,Kütahya
Hisarcık,44,9808,8805,8580,4866,1389,27,18,28,841,112,1175,116,8,0,Kütahya
Şaphane,25,5133,4605,4414,2630,483,14,25,20,642,60,493,42,5,0,Kütahya
Çavdarhisar,31,5460,4854,4664,2730,653,26,20,32,582,91,470,55,5,0,Kütahya
Pazarlar,20,4166,3764,3621,2268,431,14,16,22,338,60,441,29,2,0,Kütahya
Araban,84,20271,17320,16817,8865,2202,113,45,2377,1952,221,881,149,12,0,Gaziantep
İslahiye,155,43348,37436,36430,19072,3231,143,100,4616,5384,417,3112,305,50,0,Gaziantep
Nizip,307,87621,74158,72508,40113,7959,975,118,6998,8796,1163,5583,690,113,0,Gaziantep
Oğuzeli,115,19461,17438,17164,7662,4566,61,26,227,2772,190,1386,256,18,0,Gaziantep
Yavuzeli,59,12840,11562,11321,6616,970,82,11,900,1742,298,615,79,8,0,Gaziantep
Şahinbey,1568,549859,466739,458183,228960,62053,2620,943,50458,71880,4884,30344,5332,709,0,Gaziantep
Şehitkamil,1277,448736,386475,379353,189506,42252,4629,668,52563,56129,4883,24362,3768,593,0,Gaziantep
Karkamış,45,6732,6109,5969,2912,602,40,7,121,1172,68,1004,34,9,0,Gaziantep
Nurdağı,98,25635,22155,21780,12009,4638,40,29,1133,2335,133,1163,278,22,0,Gaziantep
Akseki,60,9242,7939,7574,3584,634,22,25,69,2061,117,954,81,24,3,Antalya
Alanya,614,204844,175559,171418,64630,22584,399,562,8055,35545,1378,35609,1677,420,559,Antalya
Elmalı,111,29636,26998,26117,10955,2193,72,69,570,6352,379,5252,205,61,9,Antalya
Finike,115,36261,31619,30776,11467,3187,80,95,1007,8447,298,5873,234,77,11,Antalya
Gazipaşa,129,37887,33725,32607,10876,2908,92,170,706,11136,371,6012,220,94,22,Antalya
Gündoğmuş,32,6143,5363,4994,2265,405,45,47,64,1008,63,1037,43,8,9,Antalya
Kaş,149,43147,38297,36786,13210,2688,136,141,1354,11241,363,7255,220,139,39,Antalya
Korkuteli,143,40912,37245,36040,16883,3222,88,82,709,7794,1217,5664,299,66,16,Antalya
Kumluca,157,50549,45405,44288,17153,4578,154,89,1937,12060,352,7465,373,105,22,Antalya
Manavgat,484,159121,137988,134672,45141,18470,309,351,5799,38370,1042,23488,1246,387,69,Antalya
Serik,270,87704,77371,75239,25319,7954,243,221,1895,18022,547,20281,529,195,33,Antalya
Demre,58,19546,17863,17335,7026,1294,60,53,268,4000,477,3986,106,50,15,Antalya
İbradı,12,2290,2051,1961,809,94,6,5,17,724,23,265,9,6,3,Antalya
Kemer,83,28545,24622,24122,7756,2452,50,50,1855,7584,186,3890,240,49,10,Antalya
Aksu,148,48961,42519,41182,15864,4705,121,91,2801,8031,291,8756,391,108,23,Antalya
Döşemealtı,130,41987,38645,37595,14808,3901,66,77,2530,9386,377,5930,389,109,22,Antalya
Kepez,1005,362499,315187,308732,117109,33340,758,594,37498,71268,2902,41016,3275,865,107,Antalya
Konyaaltı,328,116814,101942,100779,21892,6864,78,290,9183,44441,894,15974,614,477,72,Antalya
Muratpaşa,980,355248,308432,303673,78356,21933,352,786,24465,123493,2504,48198,2086,1259,241,Antalya
Başkale,102,27749,23442,22862,2440,316,73,41,19287,424,73,166,32,6,4,Van
Çatak,48,11662,9949,9450,2814,211,44,32,5847,225,123,118,20,12,4,Van
Erciş,311,97595,77752,75093,25720,3070,489,108,42265,1378,472,1166,364,44,17,Van
Gevaş,67,17662,14844,14157,6209,573,102,29,6449,241,299,168,71,9,7,Van
Gürpınar,83,20678,16551,15818,5551,298,335,36,8954,242,181,175,37,7,2,Van
Muradiye,102,27446,22225,21307,5303,317,382,52,14320,463,172,228,48,18,4,Van
Özalp,118,35221,29278,28211,3045,339,84,57,23974,391,76,181,41,18,5,Van
Bahçesaray,33,7746,6229,5810,2856,164,38,25,2333,95,117,100,29,7,46,Van
Çaldıran,123,32174,26158,25300,5048,383,79,67,18747,468,184,260,48,12,4,Van
Edremit,223,75697,63969,62033,21023,1833,486,60,35457,1397,536,921,250,38,32,Van
Saray,41,11651,9690,9265,1468,262,25,25,7188,132,42,88,20,12,3,Van
İpekyolu,522,185524,156586,151688,52834,4080,1698,184,85171,3970,1233,1633,647,87,151,Van
Tuşba,276,87062,73116,70865,23326,2952,918,92,40281,1520,523,788,402,28,35,Van
Bozdoğan,100,25836,23361,22398,8596,1614,168,173,289,6441,231,4625,185,76,0,Aydın
Çine,155,40019,36344,34987,13513,2196,170,174,724,12340,312,5222,214,122,0,Aydın
Germencik,107,31990,28966,28248,7501,2784,66,92,5347,8527,145,3490,223,73,0,Aydın
Karacasu,62,14665,13003,12400,4529,1047,89,109,117,4249,114,2007,92,47,0,Aydın
Koçarlı,77,18070,16501,16090,7540,1176,53,38,423,4910,92,1722,104,32,0,Aydın
Kuşadası,240,85651,74600,73659,15164,4711,74,287,7228,35435,310,9760,383,307,0,Aydın
Kuyucak,71,21467,19436,18648,7503,1076,73,121,216,6521,160,2807,124,47,0,Aydın
Nazilli,346,114227,102033,99452,33453,8663,275,369,7244,29881,897,17554,775,341,0,Aydın
Söke,275,89117,78860,77299,21089,5675,165,268,10181,27732,443,11053,488,205,0,Aydın
Sultanhisar,53,15486,14071,13692,4678,1100,36,42,1009,4256,75,2359,93,44,0,Aydın
Yenipazar,40,10084,9276,8984,3823,582,26,30,126,2710,60,1543,61,23,0,Aydın
Buharkent,32,9523,8758,8417,3143,615,47,42,361,2473,91,1560,49,36,0,Aydın
İncirliova,109,36199,30938,30209,11065,3094,49,83,2197,9403,220,3785,247,66,0,Aydın
Karpuzlu,36,9111,8193,7818,3778,895,42,27,62,1886,54,982,75,17,0,Aydın
Köşk,68,20186,18543,18002,9391,2200,54,43,1249,2474,142,2226,191,32,0,Aydın
Didim,184,65215,56722,55841,11725,3244,88,215,9846,23982,256,6010,289,186,0,Aydın
Efeler,606,209128,186638,183395,55882,15744,320,481,18025,59674,1337,29850,1439,643,0,Aydın
Akkuş,82,17609,14468,13678,7694,2580,86,135,100,1782,127,811,340,23,0,Ordu
Aybastı,63,16842,13871,13242,7510,2108,61,88,125,1987,168,908,259,28,0,Ordu
Fatsa,279,85661,73892,72059,33930,11242,150,210,874,17188,808,6603,922,132,0,Ordu
Gölköy,78,22224,18324,17354,6992,3506,81,109,99,4414,156,1577,371,49,0,Ordu
Korgan,73,21196,18966,18376,11101,3906,55,91,60,1727,237,843,331,25,0,Ordu
Kumru,81,22297,19816,19152,11848,4222,46,75,102,1459,168,821,390,21,0,Ordu
Mesudiye,81,13116,10692,10331,5521,1329,30,44,51,1940,75,1116,197,28,0,Ordu
Perşembe,113,25639,22349,21517,8358,2492,99,124,309,6918,141,2753,245,78,0,Ordu
Ulubey,64,14579,12672,12236,5695,2023,35,56,57,3327,91,740,194,18,0,Ordu
Ünye,358,92232,81175,78980,43785,13028,193,256,687,11970,1420,6129,1337,175,0,Ordu
Gülyalı,24,6761,6088,5900,2491,658,16,18,42,1883,66,630,82,14,0,Ordu
Gürgentepe,40,11058,9615,9260,3001,1600,29,34,105,3850,67,353,188,33,0,Ordu
Çamaş,29,6868,6009,5810,2667,1296,20,18,27,1073,99,488,114,8,0,Ordu
Çatalpınar,38,9895,8712,8498,4924,2417,17,30,20,612,69,226,178,5,0,Ordu
Çaybaşı,43,9537,8349,8079,4773,1863,34,33,22,576,62,549,158,9,0,Ordu
İkizce,52,10806,9408,9022,4773,1580,58,48,38,1349,99,954,113,10,0,Ordu
Kabadüz,26,6204,5408,5245,2759,855,18,20,24,910,37,503,109,10,0,Ordu
Kabataş,29,8254,7168,6853,3626,1475,33,49,50,716,71,656,169,8,0,Ordu
Altınordu,462,157206,137263,134557,51996,20411,183,307,1477,43243,1421,13501,1643,375,0,Ordu
Çukurca,33,10729,7781,7621,1255,844,12,15,4875,325,34,203,51,7,0,Hakkari
Hakkari Merkez,153,48683,41990,40765,6267,1512,135,78,30363,1493,277,535,88,17,0,Hakkari
Şemdinli,104,35925,28765,27525,11012,1018,272,63,13656,818,170,335,156,25,0,Hakkari
Yüksekova,221,72921,61740,59655,7010,1388,373,115,48443,1397,224,560,107,38,0,Hakkari
Bayburt Merkez,216,44886,38372,37806,20985,10842,65,36,295,1332,1206,2489,525,31,0,Bayburt
Aydıntepe,30,5174,4561,4462,2622,1119,10,5,10,179,128,324,60,5,0,Bayburt
Demirözü,39,6039,5431,5369,3401,1167,2,6,33,312,237,128,77,6,0,Bayburt
Seçim çevresi toplamı (2 nolu),3078,1046996,938619,921044,445559,105768,2742,2248,58408,178822,16646,98604,10029,2218,0,Bursa
Gemlik,236,82166,72767,71647,27539,8190,221,230,4392,20119,1518,8411,767,260,0,Bursa
İnegöl,546,180497,164412,161390,94075,18975,220,385,9026,20771,4516,11305,1856,261,0,Bursa
İznik,117,33953,30840,30155,13485,2446,97,88,441,7518,640,5088,241,111,0,Bursa
Keles,47,9943,9102,8686,5324,760,44,62,50,1071,157,1130,76,12,0,Bursa
Mudanya,212,72126,65240,64274,21051,4897,78,185,2550,24594,637,9589,463,230,0,Bursa
Orhangazi,181,59365,53822,52809,22203,5849,102,180,1365,13592,1018,7908,428,164,0,Bursa
Yenişehir,147,40452,36970,36021,15355,4557,86,102,1881,7456,644,5522,330,88,0,Bursa
Harmancık,41,5350,4858,4599,2564,501,16,39,45,700,121,548,52,13,0,Bursa
Yıldırım,1252,460007,408631,401193,199205,46509,1502,771,33213,68517,5770,40158,4623,925,0,Bursa
Gürsu,160,57521,50698,49740,26331,7989,306,140,2702,6257,886,4271,790,68,0,Bursa
Kestel,139,45616,41279,40530,18427,5095,70,66,2743,8227,739,4674,403,86,0,Bursa
Ayvalık,176,58848,52619,51632,11195,3581,59,194,4482,24274,256,7121,262,196,12,Balıkesir
Balya,58,11265,10497,10036,4178,870,42,90,221,3068,115,1361,59,23,9,Balıkesir
Bandırma,340,114498,103123,101446,33692,6914,150,235,4838,36391,1227,16802,730,431,36,Balıkesir
Bigadiç,142,37243,34464,33539,16966,2702,80,96,945,6954,529,4896,288,72,11,Balıkesir
Burhaniye,148,47436,43221,42327,12828,2586,57,166,3328,17278,271,5421,258,129,5,Balıkesir
Dursunbey,160,28959,26438,25552,17757,2385,51,97,104,1710,622,2381,411,29,5,Balıkesir
Edremit,349,121762,108141,106279,30807,6295,120,439,8549,44019,1046,13948,707,328,21,Balıkesir
Erdek,88,27071,24161,23646,6987,872,32,80,746,11865,187,2642,135,95,5,Balıkesir
Gönen,223,59371,53830,52567,22609,3507,142,186,1112,15257,507,8722,380,134,11,Balıkesir
Havran,72,20700,19068,18401,10347,1358,58,144,123,3328,212,2657,137,32,5,Balıkesir
İvrindi,110,26301,24750,23945,13572,1698,86,137,177,4484,261,3272,208,44,6,Balıkesir
Kepsut,91,17272,16921,16306,9828,1235,45,70,326,1957,420,2241,147,33,4,Balıkesir
Manyas,72,16045,14367,13852,4923,1340,46,46,199,4831,154,2151,121,39,2,Balıkesir
Savaştepe,77,14272,13166,12697,6553,928,34,52,148,2553,97,2193,107,28,4,Balıkesir
Sındırgı,118,28821,26754,25607,12576,1580,91,135,191,7075,406,3288,188,69,8,Balıkesir
Susurluk,118,31196,28021,27249,10671,2023,72,67,397,8512,310,4889,197,104,7,Balıkesir
Marmara,29,7880,7070,6913,2562,435,14,15,400,2636,42,726,68,13,2,Balıkesir
Gömeç,36,11307,10467,10196,2893,478,7,28,821,4435,84,1380,37,30,3,Balıkesir
Altıeylül,409,130512,118368,116027,52873,10263,152,282,2882,28275,1298,18521,1095,357,29,Balıkesir
Karesi,402,134333,122768,120390,55062,11205,162,253,2286,27401,1767,20721,1130,363,40,Balıkesir
Atabey,18,4209,3944,3843,1944,288,11,15,76,400,52,1015,29,13,0,Isparta
Eğirdir,94,24117,21439,20659,10503,2367,96,73,207,2956,202,3941,262,52,0,Isparta
Gelendost,43,12257,10571,10153,4078,1381,31,58,54,2547,158,1711,110,25,0,Isparta
Isparta Merkez,493,172136,156139,153296,70296,19739,251,355,3440,24849,2570,29824,1522,450,0,Isparta
Keçiborlu,45,11165,10180,9803,4801,979,39,31,60,1824,170,1776,98,25,0,Isparta
Senirkent,37,8967,7823,7543,2989,1244,30,34,52,1141,51,1879,100,23,0,Isparta
Sütçüler,46,8663,7676,7375,5225,592,25,34,33,470,83,815,87,11,0,Isparta
Şarkikaraağaç,73,19693,17344,16720,7750,2589,64,74,117,2344,285,3265,196,36,0,Isparta
Uluborlu,20,5064,4313,4193,1869,451,15,15,72,838,44,843,32,14,0,Isparta
Yalvaç,124,34971,29383,28325,13352,4989,106,127,220,4530,400,4136,400,65,0,Isparta
Aksu,22,3664,3216,3028,1520,214,29,49,32,707,35,415,20,7,0,Isparta
Gönen,22,5741,5296,5179,2109,507,10,24,127,1387,57,904,41,13,0,Isparta
Yenişarbademli,7,1769,1545,1489,659,109,3,8,13,411,11,262,9,4,0,Isparta
Bingöl Merkez,345,102887,84313,80530,45579,4419,3176,144,21448,1045,924,3273,457,65,0,Bingöl
Genç,91,23314,18931,18177,11265,1794,831,48,2539,119,160,1277,131,13,0,Bingöl
Karlıova,68,18844,14745,13821,3671,304,1396,71,7778,188,158,196,45,14,0,Bingöl
Kiğı,17,3868,3139,2970,1089,232,21,10,1025,374,24,175,15,5,0,Bingöl
Solhan,79,22012,17743,17015,11869,906,814,34,2491,135,188,456,110,12,0,Bingöl
Adaklı,26,6165,5074,4809,2872,220,44,17,1210,163,47,202,24,10,0,Bingöl
Yayladere,21,1716,1310,1235,227,89,0,4,682,183,6,32,10,2,0,Bingöl
Yedisu,10,2185,1949,1858,479,111,14,4,877,296,10,50,9,8,0,Bingöl
Bolu Merkez,466,140419,125882,123493,55887,18316,178,335,2815,30411,1870,11843,1434,404,0,Bolu
Gerede,141,25321,23323,22989,15152,5120,20,30,63,1004,397,795,384,24,0,Bolu
Göynük,79,12059,10916,10591,7065,1327,37,46,39,1006,173,787,102,9,0,Bolu
Kıbrıscık,25,2586,2271,2191,1066,114,9,15,23,710,33,198,13,10,0,Bolu
Mengen,75,11342,9743,9419,5027,658,40,48,71,2503,127,811,108,26,0,Bolu
Mudurnu,91,15147,13678,13259,7199,1593,53,59,97,2496,134,1457,141,30,0,Bolu
Seben,38,4410,3827,3710,2028,336,18,8,20,699,33,512,43,13,0,Bolu
Dörtdivan,34,5374,4947,4880,3336,971,13,13,6,198,49,228,62,4,0,Bolu
Yeniçağa,28,5797,5147,5043,3394,665,6,8,6,500,182,211,66,5,0,Bolu
Akçadağ,106,20804,18294,17996,7030,3421,34,23,2940,3698,145,566,119,20,0,Malatya
Arapgir,70,8262,7199,7009,2954,915,17,20,439,2124,83,384,52,21,0,Malatya
Arguvan,51,6383,5736,5626,866,186,23,16,1498,2950,16,54,13,4,0,Malatya
Darende,98,19314,16900,16686,11039,2746,30,19,429,1329,235,683,166,10,0,Malatya
Doğanşehir,103,28609,25409,24749,9551,4075,73,70,3105,5623,334,1632,262,24,0,Malatya
Hekimhan,88,14735,13130,12852,4012,1376,45,42,783,5507,254,752,57,24,0,Malatya
Pütürge,90,11081,9091,8963,6735,820,20,16,223,746,123,190,84,6,0,Malatya
Yeşilyurt,628,213934,188871,185841,93518,32751,670,210,11933,32781,2934,9104,1683,257,0,Malatya
Battalgazi,618,209180,182578,179432,108357,28150,644,197,9414,21605,2918,6341,1616,190,0,Malatya
Doğanyol,19,3084,2366,2290,1467,362,6,10,40,238,42,102,22,1,0,Malatya
Kale,29,4461,4230,4186,3207,516,18,2,50,263,40,74,15,1,0,Malatya
Kuluncak,32,5996,5296,5136,2425,910,9,15,219,1194,39,280,41,4,0,Malatya
Yazıhan,44,9506,8051,7920,3809,1185,30,15,1008,1547,84,185,54,3,0,Malatya
Ermenek,92,21208,18511,17700,7627,2208,96,137,134,3691,192,3366,199,50,0,Karaman
Karaman Merkez,438,131427,120080,117772,64428,18035,184,267,1406,17482,2087,12166,1496,221,0,Karaman
Ayrancı,34,6484,5701,5484,2677,729,15,32,28,1208,50,682,54,9,0,Karaman
Kazımkarabekir,14,3016,2742,2686,1655,379,4,6,15,311,23,252,38,3,0,Karaman
Başyayla,13,2756,2384,2288,1221,630,8,17,5,126,28,219,32,2,0,Karaman
Sarıveliler,36,8609,7412,7042,2890,845,49,62,83,1790,51,1199,58,15,0,Karaman
Alaçam,94,20159,17822,17027,7950,2439,64,83,249,3433,158,2369,228,45,9,Samsun
Bafra,369,108815,95550,92850,46984,16374,198,220,813,12701,1106,13039,1209,191,15,Samsun
Çarşamba,339,101695,89225,86572,52676,13072,150,185,517,9792,1160,7175,1277,127,441,Samsun
Havza,139,30219,27021,26247,12463,6279,50,66,365,4633,337,1605,404,38,7,Samsun
Kavak,105,16090,14531,14048,7491,2827,58,64,68,1581,164,1508,250,32,5,Samsun
Ladik,79,13433,12102,11743,6010,2253,32,30,83,1865,169,1110,162,24,5,Samsun
Terme,190,55684,49166,47729,29448,6140,79,103,259,5975,992,3981,674,64,14,Samsun
Vezirköprü,262,65400,59016,57167,37092,7674,115,172,322,5284,680,4927,806,80,15,Samsun
Asarcık,52,11831,10708,10477,6081,2963,34,17,18,503,97,557,196,8,3,Samsun
19 Mayıs,71,19340,17053,16565,10549,2222,33,34,101,1705,227,1480,183,24,7,Samsun
Salıpazarı,59,14442,12839,12454,7888,1732,25,22,38,1495,127,887,215,19,6,Samsun
Tekkeköy,131,38119,34446,33533,18042,4496,46,65,155,6490,465,3357,341,62,14,Samsun
Ayvacık,59,14476,12974,12644,8122,2769,26,27,17,667,73,703,221,9,10,Samsun
Yakakent,26,6679,6027,5699,2996,455,19,23,115,1120,89,805,63,10,4,Samsun
Atakum,382,132649,117032,115160,41973,15991,77,201,3488,32740,1836,17300,1093,409,52,Samsun
Canik,217,69450,62097,60675,35070,10771,73,96,387,7083,853,5208,993,129,12,Samsun
İlkadım,673,240646,211329,207135,91139,35306,202,340,3650,44741,3321,25066,2654,620,96,Samsun
Gümüşhane Merkez,198,35848,29032,28406,13879,6305,49,34,327,2260,640,4465,394,53,0,Gümüşhane
Kelkit,136,26843,21316,20975,13379,3959,79,33,179,1155,380,1548,243,20,0,Gümüşhane
Şiran,93,14729,10833,10473,5520,1975,26,26,86,1150,279,1180,207,24,0,Gümüşhane
Torul,65,8745,7246,7002,3470,1693,30,33,28,603,127,864,140,14,0,Gümüşhane
Köse,24,4959,4317,4244,2968,840,8,7,3,44,60,246,66,2,0,Gümüşhane
Kürtün,59,9551,7989,7758,4908,1427,28,45,31,368,89,745,104,13,0,Gümüşhane
Seçim çevresi toplamı (1 nolu),10422,3820086,3403734,3350363,1356935,270335,4766,7322,372793,972092,52353,275679,26274,9911,1903,İstanbul
Adalar,36,11967,10534,10367,2329,479,8,41,2413,4151,69,775,54,35,13,İstanbul
Beykoz,513,184234,165047,161932,76529,13999,149,377,9783,40879,3201,15004,1448,503,60,İstanbul
Kadıköy,995,363413,323427,320213,55342,9926,175,1251,43165,172921,2788,31568,1159,1499,419,İstanbul
Kartal,938,344826,308276,303767,114125,23338,552,654,33378,97452,4577,26417,2177,908,189,İstanbul
Şile,103,26912,24516,23837,10441,2362,47,77,1481,5753,357,3027,207,78,7,İstanbul
Üsküdar,1095,400677,355355,349999,145661,24363,350,967,30300,102496,7521,34295,2559,1262,225,İstanbul
Pendik,1332,491711,435313,428146,203611,46626,803,818,34724,94617,7616,33879,4253,1066,133,İstanbul
Ümraniye,1331,491261,437567,430737,203812,37413,631,731,42091,97298,7539,36128,3794,1113,187,İstanbul
Maltepe,1003,367516,326983,322367,108787,21904,364,825,33077,120378,3917,29569,2200,1149,197,İstanbul
Sultanbeyli,575,213941,190673,186581,104983,20510,458,208,33995,14161,3350,6607,2082,191,36,İstanbul
Tuzla,477,174845,155929,153534,64135,15462,217,269,16743,38716,2424,13714,1377,405,72,İstanbul
Ataşehir,825,306446,273429,269381,99335,19259,274,626,30962,90410,3810,21687,1960,890,168,İstanbul
Çekmeköy,466,170067,152813,150288,66222,14503,189,215,15648,37788,2329,11738,1193,393,70,İstanbul
Sancaktepe,733,272270,243872,239214,101623,20191,549,263,45033,55072,2855,11271,1811,419,127,İstanbul
Kilis Merkez,255,70145,61513,60099,29094,12348,137,92,1235,9072,819,6485,699,118,0,Kilis
Elbeyli,29,4062,3532,3491,1649,767,18,7,34,603,28,344,37,4,0,Kilis
Musabeyli,54,8114,7178,6993,4265,1361,17,17,59,647,115,427,82,3,0,Kilis
Polateli,23,3295,2906,2841,1698,501,5,9,19,253,34,290,27,5,0,Kilis
Akyazı,202,63513,58659,57648,39325,7642,78,94,295,4945,1223,3190,794,62,0,Sakarya
Geyve,145,35671,32407,31628,18680,3688,89,107,438,3393,644,4155,378,56,0,Sakarya
Hendek,204,58085,52573,51574,29932,8510,76,94,770,5410,580,5296,797,109,0,Sakarya
Karasu,145,46447,40614,39886,22610,5602,60,109,853,5928,708,3379,561,76,0,Sakarya
Kaynarca,73,17656,16343,15962,10702,2272,22,24,73,1372,263,990,229,15,0,Sakarya
Sapanca,97,29607,27219,26751,14063,3409,20,42,897,4911,745,2264,324,76,0,Sakarya
Kocaali,63,16665,15005,14630,8638,2004,32,44,150,1689,490,1385,175,23,0,Sakarya
Pamukova,78,21363,19316,18881,11252,2303,32,41,158,2427,378,2006,252,32,0,Sakarya
Taraklı,28,5195,4828,4676,3008,647,12,17,13,391,119,417,48,4,0,Sakarya
Ferizli,65,18451,17041,16681,9803,2590,30,35,150,1982,257,1555,241,38,0,Sakarya
Karapürçek,29,8988,8251,8050,5277,1106,15,14,99,775,287,350,107,20,0,Sakarya
Söğütlü,40,10882,9928,9713,5678,989,19,21,57,1702,120,1019,92,16,0,Sakarya
Adapazarı,551,192628,172813,169975,90377,22897,209,297,4904,27627,3644,17536,2046,438,0,Sakarya
Arifiye,91,29476,27020,26565,15906,3681,29,42,1354,2660,531,1956,358,48,0,Sakarya
Erenler,178,60970,55021,54140,33981,7190,60,79,1310,5538,1071,4164,653,94,0,Sakarya
Serdivan,250,89673,80312,79106,39760,10422,73,120,2527,13566,1922,9628,843,245,0,Sakarya
Afşin,186,54233,46484,45498,21671,11474,109,101,1313,4514,511,5053,706,46,0,Kahramanmaraş
Andırın,97,25097,22315,21665,10897,3383,92,120,134,3758,328,2711,212,30,0,Kahramanmaraş
Elbistan,320,95724,82618,81005,36887,14943,132,137,5016,11198,1324,10248,1008,112,0,Kahramanmaraş
Göksun,144,36557,31935,31108,16384,6590,93,110,522,3078,581,3250,460,40,0,Kahramanmaraş
Pazarcık,172,45609,39585,38467,15230,4494,95,81,6468,9604,180,1897,362,56,0,Kahramanmaraş
Türkoğlu,150,45008,40720,39873,25342,5643,104,88,771,3018,1080,3286,513,28,0,Kahramanmaraş
Çağlayancerit,52,15915,13713,13333,6844,1368,145,66,819,1830,118,2044,82,17,0,Kahramanmaraş
Ekinözü,32,8304,7517,7303,3885,1029,26,20,615,819,62,776,63,8,0,Kahramanmaraş
Nurhak,34,9068,7526,7290,1884,795,12,31,732,3215,118,445,42,16,0,Kahramanmaraş
Dulkadiroğlu,429,140478,128120,125883,85364,18166,231,214,3254,7596,1565,8018,1354,121,0,Kahramanmaraş
Onikişubat,774,262684,240607,237365,150620,38032,492,355,2608,12803,3981,25555,2586,333,0,Kahramanmaraş
Adilcevaz,72,17673,14827,14434,4733,1596,82,25,6824,501,115,445,108,5,0,Bitlis
Ahlat,85,23160,20045,19588,6824,1575,51,22,9589,513,131,740,134,9,0,Bitlis
Bitlis Merkez,167,40561,34093,32765,16355,991,729,68,11342,1063,429,1599,156,33,0,Bitlis
Hizan,95,19355,14952,14237,7291,253,40,79,5944,246,144,179,52,9,0,Bitlis
Mutki,88,17700,14602,14145,10458,304,103,40,2038,209,106,822,50,15,0,Bitlis
Tatvan,178,54180,45391,43490,16938,1057,703,242,22047,789,502,982,200,30,0,Bitlis
Güroymak,95,25881,21658,20859,7889,466,101,50,11326,262,340,375,41,9,0,Bitlis
Amasya Merkez,345,101641,93175,91414,40714,11982,114,159,1544,21331,997,13421,933,219,0,Amasya
Göynücek,50,8202,7466,7235,3827,902,24,28,161,1483,52,668,78,12,0,Amasya
Gümüşhacıköy,84,18699,17508,17146,6105,1147,32,22,613,7758,211,1088,129,41,0,Amasya
Merzifon,204,54817,49846,49067,19253,5859,60,77,1097,15710,606,5854,453,98,0,Amasya
Suluova,129,35156,32277,31435,18476,4519,47,66,352,3701,398,3407,420,49,0,Amasya
Taşova,107,24894,22401,21642,11778,2344,74,82,187,4187,182,2471,294,43,0,Amasya
Hamamözü,22,3077,2893,2804,1393,445,8,13,28,633,23,213,43,5,0,Amasya
Ardahan Merkez,110,27384,23275,22387,6728,1634,80,84,6916,4811,161,1755,161,57,0,Ardahan
Çıldır,43,6985,5815,5609,2300,671,31,35,203,1874,45,367,64,19,0,Ardahan
Göle,74,17953,14665,14144,6731,531,51,36,4345,1821,263,252,99,15,0,Ardahan
Hanak,37,6981,6113,5854,1656,389,20,20,698,2763,42,209,31,26,0,Ardahan
Posof,53,5384,4713,4550,2701,415,10,17,176,904,41,210,73,3,0,Ardahan
Damal,19,4718,4282,4130,315,106,11,10,1020,2515,17,107,7,22,0,Ardahan
Seçim çevresi toplamı (1 nolu),4469,1577841,1397565,1373392,377584,78038,2276,4223,169996,569968,10758,145611,9097,4882,959,İzmir
Çeşme,102,34017,29926,29475,5987,1616,17,77,2938,15478,103,2953,169,114,23,İzmir
Karaburun,33,8613,7734,7563,1734,376,9,36,619,3981,36,695,43,16,18,İzmir
Seferihisar,99,31956,28490,27944,6483,1827,26,119,2907,13393,184,2697,181,110,17,İzmir
Selçuk,88,28043,25326,24828,5669,1529,43,76,2791,10967,149,3378,135,79,12,İzmir
Torbalı,368,123521,110645,108227,35758,7403,274,241,15323,35235,898,11893,787,333,82,İzmir
Urla,151,49901,44801,44062,8121,1697,38,213,4274,24286,223,4805,192,181,32,İzmir
Buca,985,359766,316443,311238,92283,20245,591,843,38873,117308,2707,34871,2245,1092,180,İzmir
Konak,803,278789,241841,237584,60782,9516,419,899,33505,106359,1595,22121,1361,844,183,İzmir
Menderes,203,69335,62111,60611,19726,3880,130,167,4358,24626,491,6494,468,215,56,İzmir
Balçova,170,60800,54295,53651,10402,2225,38,182,5935,28139,349,5850,242,251,38,İzmir
Gaziemir,273,98438,89089,87759,23771,6243,152,232,8945,34741,775,11888,608,347,57,İzmir
Narlıdere,137,49405,44870,44236,5623,1140,39,193,7734,24890,191,4088,133,167,38,İzmir
Güzelbahçe,71,24133,21918,21620,3402,849,17,125,2145,12275,110,2502,73,100,22,İzmir
Karabağlar,986,361124,320076,314594,97843,19492,483,820,39649,118290,2947,31376,2460,1033,201,İzmir
Akdağmadeni,137,29699,23813,23309,13393,5365,50,40,73,1831,326,1814,386,31,0,Yozgat
Boğazlıyan,97,25176,21883,21359,8959,4199,29,37,234,5605,147,1792,319,38,0,Yozgat
Çayıralan,42,9546,7285,7102,3528,1294,16,34,70,1453,52,530,111,14,0,Yozgat
Çekerek,70,14355,13119,12842,8099,2035,29,26,101,1427,199,739,167,20,0,Yozgat
Sarıkaya,108,24076,19499,19090,10198,5760,38,39,76,1007,182,1303,478,9,0,Yozgat
Sorgun,223,55389,48833,48096,27206,12947,74,61,449,3024,640,2867,779,49,0,Yozgat
Şefaatli,71,11524,9932,9739,4606,2092,33,21,42,1267,69,1438,158,13,0,Yozgat
Yerköy,125,27094,23412,22984,11178,5052,48,58,473,2834,384,2551,371,35,0,Yozgat
Yozgat Merkez,267,68154,61346,60271,29086,17263,80,72,450,7191,731,4186,1118,94,0,Yozgat
Aydıncık,35,7295,6730,6623,4177,1181,14,12,86,650,47,363,88,5,0,Yozgat
Çandır,15,3386,2877,2816,1198,695,6,10,4,634,12,204,51,2,0,Yozgat
Kadışehri,39,7901,7139,7026,4336,1632,7,5,18,595,100,211,117,5,0,Yozgat
Saraykent,35,8361,6351,6246,3764,1883,12,6,8,116,60,298,97,2,0,Yozgat
Yenifakılı,19,4312,3822,3701,1612,608,7,9,16,941,17,431,54,6,0,Yozgat
Ağın,23,2285,1969,1898,960,208,7,10,42,401,36,209,21,4,0,Elazığ
Baskil,75,10050,8872,8701,6358,854,25,10,159,650,106,461,64,14,0,Elazığ
Elazığ Merkez,956,305354,260946,255074,131110,38459,2831,330,21159,30372,4442,23344,2673,354,0,Elazığ
Karakoçan,103,20043,16747,16120,7109,562,204,48,6600,712,569,249,55,12,0,Elazığ
Keban,41,5038,4532,4454,2579,649,11,11,192,546,51,364,43,8,0,Elazığ
Maden,49,8433,6761,6541,3470,695,75,23,496,1039,49,605,81,8,0,Elazığ
Palu,61,13082,11203,10910,7341,1402,809,15,567,236,248,215,73,4,0,Elazığ
Sivrice,60,6270,5404,5274,3316,844,15,11,140,583,73,247,40,5,0,Elazığ
Arıcak,34,9622,7750,7397,5116,345,157,15,1252,224,130,118,34,6,0,Elazığ
Kovancılar,128,26140,21133,20569,13880,1621,963,84,2548,596,314,404,146,13,0,Elazığ
Alacakaya,20,4702,4014,3888,2365,389,100,2,478,292,60,180,18,4,0,Elazığ
Avanos,85,24835,21940,21476,9353,3428,43,60,444,5635,211,1989,271,42,0,Nevşehir
Derinkuyu,47,14624,12929,12673,6558,2280,15,23,56,2647,197,733,149,15,0,Nevşehir
Gülşehir,66,16454,14462,13987,7237,2823,38,54,52,1702,84,1720,246,31,0,Nevşehir
Hacıbektaş,47,9168,8306,8068,2144,558,28,35,502,4053,42,612,77,17,0,Nevşehir
Kozaklı,52,10796,9401,9144,4243,976,20,27,70,2702,61,920,101,24,0,Nevşehir
Nevşehir Merkez,277,94402,85498,84178,46512,17637,335,129,925,8574,1167,7818,937,144,0,Nevşehir
Ürgüp,95,26650,24170,23693,11854,3651,51,66,269,4677,252,2578,249,46,0,Nevşehir
Acıgöl,44,13591,12456,12162,9083,1753,21,24,17,506,161,471,121,5,0,Nevşehir
Divriği,139,13734,12740,12448,2551,684,12,22,1173,7465,77,394,40,28,2,Sivas
Gemerek,81,17537,15076,14624,5956,2843,29,47,144,3616,202,1542,207,33,5,Sivas
Gürün,94,14254,12247,11993,5806,2201,10,28,247,1988,292,1221,169,25,6,Sivas
Hafik,87,8236,7766,7643,3302,845,15,16,166,2798,147,259,85,9,1,Sivas
İmranlı,101,6824,6211,6137,1407,584,7,10,713,3152,30,168,48,13,5,Sivas
Kangal,138,16360,14554,14296,5136,3346,66,25,488,3678,146,1128,260,23,0,Sivas
Koyulhisar,69,10721,9360,8963,5532,1097,32,45,79,1275,131,621,131,13,7,Sivas
Sivas Merkez,814,250365,226903,223422,125459,49077,227,267,2421,20869,4699,16833,3030,342,198,Sivas
Suşehri,107,19106,17264,16852,12239,1790,31,47,67,1059,241,1198,157,20,3,Sivas
Şarkışla,162,28122,24765,24210,13775,3735,28,43,293,3925,492,1580,291,26,22,Sivas
Yıldızeli,153,24212,20899,20588,12245,3784,25,20,194,3137,207,690,268,15,3,Sivas
Zara,162,17936,16345,16076,7467,2160,20,21,723,4556,121,758,213,31,6,Sivas
Akıncılar,38,4307,3790,3690,2492,304,9,10,30,550,42,207,42,3,1,Sivas
Altınyayla,30,6554,5787,5707,3984,931,4,2,12,417,109,171,69,7,1,Sivas
Doğanşar,32,2554,2241,2200,1689,308,3,2,0,59,39,83,17,0,0,Sivas
Gölova,33,2713,2346,2299,1679,202,3,4,20,216,36,112,21,6,0,Sivas
Ulaş,47,6533,6001,5885,2727,1514,11,6,93,1053,41,327,103,4,6,Sivas
Afyonkarahisar Merkez,584,195131,179752,176728,99396,24542,229,271,1719,20314,2238,25386,2280,353,0,Afyonkarahisar
Bolvadin,122,31137,27724,26995,14450,5984,56,47,154,2445,370,2963,478,48,0,Afyonkarahisar
Çay,81,23590,20939,20203,9935,2556,64,80,143,3783,187,3194,214,47,0,Afyonkarahisar
Dazkırı,34,8481,7787,7605,3647,1058,24,15,41,1560,71,1082,86,21,0,Afyonkarahisar
Dinar,151,34977,30977,29932,12750,4046,98,107,254,7502,293,4453,334,95,0,Afyonkarahisar
Emirdağ,132,27862,22693,21957,11339,2532,70,74,189,4490,203,2740,283,37,0,Afyonkarahisar
İhsaniye,79,19876,18590,18150,11268,2971,25,53,61,1841,155,1546,210,20,0,Afyonkarahisar
Sandıklı,150,41255,36672,35494,19861,4766,92,126,224,4231,511,5176,448,59,0,Afyonkarahisar
Sinanpaşa,118,30039,27285,26423,16053,3575,62,80,64,3143,171,2864,366,45,0,Afyonkarahisar
Sultandağı,48,12699,11355,10905,2951,886,65,69,222,4412,104,2090,59,47,0,Afyonkarahisar
Şuhut,102,27722,25762,24995,15344,2357,50,58,96,4078,270,2420,289,33,0,Afyonkarahisar
Başmakçı,31,7818,7126,6797,3061,881,27,39,32,1707,56,893,81,20,0,Afyonkarahisar
Bayat,24,5695,5110,4853,2630,622,18,28,28,711,29,693,84,10,0,Afyonkarahisar
İscehisar,56,16583,15639,15317,9838,1747,28,27,73,680,157,2440,306,21,0,Afyonkarahisar
Çobanlar,34,9011,8358,8110,4234,1696,25,15,25,762,57,1150,137,9,0,Afyonkarahisar
Evciler,22,5617,5094,4979,2321,552,11,8,15,1305,29,678,53,7,0,Afyonkarahisar
Hocalar,30,7357,6528,6206,3726,997,26,32,35,562,54,654,114,6,0,Afyonkarahisar
Kızılören,9,2001,1775,1706,809,270,7,9,7,284,10,284,24,2,0,Afyonkarahisar
Almus,77,16055,14256,13942,5457,1621,23,26,734,5144,125,664,128,20,0,Tokat
Artova,37,6379,5908,5794,3238,799,11,7,84,1144,55,395,49,12,0,Tokat
Erbaa,249,68513,61276,59542,30717,10948,153,166,275,9193,908,6133,959,90,0,Tokat
Niksar,194,46111,41084,39974,18364,6336,63,104,729,9698,415,3595,605,65,0,Tokat
Reşadiye,130,23046,20003,19568,10201,3562,39,49,170,3709,218,1244,343,33,0,Tokat
Tokat Merkez,446,134476,123567,121840,63547,20290,156,159,1752,19627,1659,13094,1365,191,0,Tokat
Turhal,210,60401,54353,53374,24023,8033,74,63,1119,12917,884,5546,614,101,0,Tokat
Zile,207,42857,39321,38681,14401,5700,41,44,1047,13687,327,2936,419,79,0,Tokat
Pazar,40,10113,9328,9172,5812,1324,17,25,22,799,81,1001,84,7,0,Tokat
Yeşilyurt,30,6359,5540,5428,3005,1180,18,7,46,611,73,417,68,3,0,Tokat
Başçiftlik,18,3829,3142,3059,1820,456,15,8,5,502,35,178,37,3,0,Tokat
Sulusaray,25,5310,4720,4622,2817,1015,5,6,16,386,54,260,62,1,0,Tokat
Seyhan,1509,544445,466048,457965,136592,40669,2447,793,92814,131387,4605,44007,3533,977,141,Adana
Ceyhan,354,110714,95135,93224,28443,13283,372,190,15444,21430,779,12238,846,157,42,Adana
Feke,62,12564,10987,10632,5818,1626,57,43,44,1326,128,1449,114,20,7,Adana
Karaisalı,79,16041,14537,14143,7879,2432,46,25,91,1292,187,2038,139,12,2,Adana
Karataş,70,16151,14180,13963,3457,1896,31,24,1569,5233,104,1505,110,34,0,Adana
Kozan,305,92315,78781,76810,36118,11986,248,209,853,11241,1042,14052,900,139,22,Adana
Pozantı,51,14503,13181,12881,5803,2004,30,28,233,2684,212,1709,153,21,4,Adana
Saimbeyli,45,10942,8996,8688,4429,2107,36,43,69,922,79,868,119,11,5,Adana
Tufanbeyli,60,12755,11152,10809,4626,2508,64,33,156,2084,167,1018,139,10,4,Adana
Yumurtalık,47,13108,11274,11003,3811,1788,29,33,391,2678,100,2027,118,27,1,Adana
Yüreğir,787,275514,230697,225295,88348,22022,2929,338,37420,49539,2193,20010,1990,456,50,Adana
Aladağ,50,12018,10829,10507,5092,1859,45,44,63,1557,135,1598,99,11,4,Adana
İmamoğlu,66,20256,16948,16477,8005,2440,37,33,389,2711,227,2364,243,25,3,Adana
Sarıçam,322,106808,93526,91922,37337,19863,265,112,4109,14026,858,13903,1264,166,19,Adana
Çukurova,736,266788,237226,234948,56345,23610,356,447,19186,89387,2922,40236,1637,713,109,Adana
Acıpayam,146,43463,39605,37924,18656,3091,137,158,386,9130,348,5423,332,101,162,Denizli
Buldan,79,20942,19188,18381,6754,1835,63,75,200,4874,114,4260,127,73,6,Denizli
Çal,68,15728,14564,13974,4782,1100,43,77,206,4932,126,2551,98,49,10,Denizli
Çameli,52,14791,13298,12709,7939,785,65,75,83,2001,89,1513,110,23,26,Denizli
Çardak,26,6664,6058,5844,2320,432,12,21,36,1865,54,1029,46,26,3,Denizli
Çivril,165,45987,41163,39543,15804,2988,119,174,506,12657,374,6450,326,123,22,Denizli
Güney,35,8071,7503,7132,2608,447,28,37,63,2904,46,920,47,26,6,Denizli
Kale,59,15190,13717,13049,6469,1705,78,82,126,2132,116,2185,124,24,8,Denizli
Sarayköy,78,23029,21115,20556,6111,1724,62,82,1592,7385,106,3292,134,64,4,Denizli
Tavas,121,35350,32067,30885,14498,3071,114,104,308,7134,205,5062,283,82,24,Denizli
Babadağ,21,4993,4653,4429,2091,377,17,25,27,1015,51,781,35,10,0,Denizli
Bekilli,24,5722,5210,5015,1635,256,16,51,66,2298,31,610,23,23,6,Denizli
Honaz,76,21261,20243,19583,7185,1723,70,93,884,5727,146,3542,140,64,9,Denizli
Serinhisar,36,11042,10429,10122,4421,1045,22,21,84,2661,73,1677,88,23,7,Denizli
Pamukkale,681,241553,218993,214390,85207,21080,386,522,7222,59612,1770,35955,1771,709,156,Denizli
Baklan,17,4473,4085,3875,1679,268,17,16,28,934,22,878,15,11,7,Denizli
Beyağaç,22,5217,4757,4529,2081,384,22,26,33,1100,29,791,45,14,4,Denizli
Bozkurt,35,8661,7994,7673,3239,400,17,26,102,2632,50,1140,38,23,6,Denizli
Merkezefendi,603,215760,198018,194383,70518,17757,426,456,12077,56087,1782,33058,1500,615,107,Denizli
Ağrı Merkez,279,84420,66580,64316,26100,1833,873,96,31030,1496,760,1485,364,52,227,Ağrı
Diyadin,99,22903,17512,16785,3101,189,69,45,12582,403,140,202,36,13,5,Ağrı
Doğubayazıt,224,66626,51296,49337,7060,595,453,90,39245,1049,209,499,88,30,19,Ağrı
Eleşkirt,91,20010,15241,14678,7827,444,88,28,5420,268,272,253,60,13,5,Ağrı
Hamur,50,9613,7622,7371,2835,74,43,18,3953,232,67,115,19,2,13,Ağrı
Patnos,228,63387,51244,49695,9761,735,129,79,36608,1559,247,446,98,25,8,Ağrı
Taşlıçay,49,11331,9102,8749,1866,525,43,15,5782,172,55,221,59,6,5,Ağrı
Tutak,87,17185,13748,13336,3734,776,33,31,8063,242,63,280,97,12,5,Ağrı
Ayvacık,125,27344,24896,24305,9030,1517,56,129,988,8894,142,3339,137,66,7,Çanakkale
Bayramiç,116,23801,22169,21461,7895,1022,83,103,297,8104,178,3592,108,63,16,Çanakkale
Biga,253,69038,63206,61874,29679,4914,116,172,1113,16065,520,8536,564,173,22,Çanakkale
Bozcaada,7,2448,2198,2175,480,68,2,3,227,1043,13,318,10,10,1,Çanakkale
Çan,150,38426,35845,35095,15052,3128,76,84,295,9165,205,6735,256,86,13,Çanakkale
Çanakkale Merkez,386,126514,114297,112581,29297,6675,130,331,6277,45953,697,22068,567,432,154,Çanakkale
Eceabat,28,7409,6825,6635,1462,245,13,22,177,3315,40,1312,20,28,1,Çanakkale
Ezine,97,24916,22771,22066,8147,1307,60,77,531,7947,175,3622,117,68,15,Çanakkale
Gelibolu,103,32908,29111,28375,8090,1671,54,92,867,12551,427,4313,159,134,17,Çanakkale
Gökçeada,26,6103,5265,5103,1523,471,8,27,739,1359,49,851,52,17,7,Çanakkale
Lapseki,87,21542,19937,19412,8504,1761,45,65,386,4622,125,3678,175,47,4,Çanakkale
Yenice,122,26360,24525,23756,12741,1869,56,110,172,4707,215,3509,311,60,6,Çanakkale
Akçakoca,108,29502,26610,26017,12242,4390,30,89,602,5430,617,2186,360,71,0,Düzce
Düzce Merkez,498,160924,146082,143616,76976,28091,151,355,2512,21093,2187,9883,2066,302,0,Düzce
Yığılca,59,11269,10237,9812,6780,1371,35,64,42,795,90,436,189,10,0,Düzce
Cumayeri,43,10435,9593,9419,5858,1699,14,12,157,736,159,646,109,29,0,Düzce
Gölyaka,58,15551,14412,14072,8162,2044,23,33,50,2595,182,739,221,23,0,Düzce
Çilimli,51,13090,12752,12510,7565,2510,12,23,264,946,149,803,214,24,0,Düzce
Gümüşova,41,11565,10663,10464,6076,1799,25,25,153,1294,61,888,136,7,0,Düzce
Kaynaşlı,57,15274,13973,13734,8362,2835,13,23,38,1408,139,640,246,30,0,Düzce
Çemişgezek,39,6038,5052,4936,2324,562,4,4,729,1061,30,161,54,7,0,Tunceli
Hozat,32,4500,3813,3725,409,181,1,6,1601,1447,8,55,12,5,0,Tunceli
Mazgirt,75,6718,5869,5721,459,189,7,2,3895,1094,6,47,16,2,4,Tunceli
Nazımiye,28,2810,2572,2482,206,170,7,1,1165,872,9,40,11,1,0,Tunceli
Ovacık,64,5406,4691,4591,260,221,3,4,2482,1573,12,25,5,5,1,Tunceli
Pertek,61,8813,7568,7357,1109,620,15,19,3469,1944,29,110,34,5,3,Tunceli
Pülümür,13,3021,2738,2644,216,95,4,3,1088,1181,13,40,1,3,0,Tunceli
Tunceli Merkez,122,26984,23146,22738,2245,981,16,24,13790,5186,58,371,37,23,7,Tunceli
Ayancık,101,18756,16062,15529,8868,884,46,67,164,4192,152,954,155,47,0,Sinop
Boyabat,166,32646,28656,27816,17503,2666,79,143,302,3784,350,2565,357,67,0,Sinop
Durağan,92,13191,11585,11176,7985,1244,41,74,72,739,120,737,140,24,0,Sinop
Erfelek,55,9581,8333,7916,4322,300,45,61,95,2211,92,696,70,24,0,Sinop
Gerze,86,19718,17306,16520,8687,942,66,120,368,4161,201,1725,205,45,0,Sinop
Sinop Merkez,149,45729,40727,39521,14365,2268,88,183,948,15832,398,5027,263,149,0,Sinop
Türkeli,50,11408,9763,9500,6842,722,29,34,53,1063,97,507,143,10,0,Sinop
Dikmen,33,4207,3549,3324,2285,198,28,65,44,424,34,188,51,7,0,Sinop
Saraydüzü,33,4604,4129,3987,2782,338,22,31,19,378,72,276,61,8,0,Sinop
Seçim çevresi toplamı (1 nolu),3222,1100727,991424,972351,410195,95343,1684,2313,42473,250893,16150,140212,9074,3129,885,Bursa
Karacabey,207,62453,56087,54636,22219,5027,129,158,2706,12239,1081,10381,492,185,19,Bursa
Mustafakemalpaşa,280,77783,70868,68779,31177,5965,189,204,1303,13990,2213,12901,594,211,32,Bursa
Orhaneli,83,15471,14433,13805,7410,1377,62,87,74,1931,441,2268,120,30,5,Bursa
Büyükorhan,49,8053,7294,6783,4370,496,30,48,69,786,160,731,63,26,4,Bursa
Nilüfer,849,305737,279491,275942,88110,21919,275,678,14054,99976,3868,44003,1864,1062,133,Bursa
Osmangazi,1754,631230,563251,552406,256909,60559,999,1138,24267,121971,8387,69928,5941,1615,692,Bursa
Akçakale,196,49448,44572,43906,29246,11202,696,10,1090,424,128,411,536,24,139,Şanlıurfa
Birecik,196,54194,42013,40875,19049,2452,1159,54,13917,2503,398,1115,193,28,7,Şanlıurfa
Bozova,137,32048,25575,24857,12423,1152,492,36,9455,518,218,419,122,12,10,Şanlıurfa
Ceylanpınar,148,45323,37373,36367,14536,2682,1022,28,14642,1963,759,393,196,27,119,Şanlıurfa
Halfeti,90,23563,17922,17196,6025,405,88,38,9104,1039,106,323,51,14,3,Şanlıurfa
Hilvan,118,25131,21301,20743,8612,611,1178,48,7185,2200,376,457,53,14,9,Şanlıurfa
Siverek,466,134935,103063,99448,47057,4120,2463,156,38428,3598,934,2125,452,72,43,Şanlıurfa
Suruç,206,57712,46253,44844,13634,394,590,43,28742,786,261,320,50,14,10,Şanlıurfa
Viranşehir,355,98882,80068,78399,32232,2899,994,64,39216,1275,462,763,250,23,221,Şanlıurfa
Harran,157,37735,35233,34994,16485,16494,49,21,122,218,82,257,1222,10,34,Şanlıurfa
Eyyübiye,582,186972,144797,141086,90941,12419,1712,180,27482,2407,1672,1896,1087,75,1215,Şanlıurfa
Haliliye,658,209478,175527,172056,101119,16036,2023,166,36311,7275,3094,3289,1174,121,1448,Şanlıurfa
Karaköprü,343,105394,90636,89090,48726,6613,1029,83,21562,4674,2423,3197,496,97,190,Şanlıurfa
Akşehir,223,70004,60479,58706,29264,8526,119,183,848,9637,725,8520,744,124,16,Konya
Beyşehir,183,53130,47642,46354,25395,8039,99,101,211,3458,950,7443,571,74,13,Konya
Bozkır,87,19540,16983,16355,9258,3183,37,44,105,1466,305,1662,213,23,59,Konya
Cihanbeyli,126,36705,28952,28288,12481,3004,94,35,8638,2371,309,1116,209,16,15,Konya
Çumra,151,46009,42441,41661,24508,9555,61,41,207,1877,846,3929,587,38,12,Konya
Doğanhisar,47,13255,11853,11019,6133,1025,42,60,56,1709,267,1550,125,45,7,Konya
Ereğli,322,102705,89942,87713,33629,16520,157,182,3461,19819,1287,11309,1144,185,20,Konya
Hadim,46,9019,8103,7855,4573,1369,18,28,52,646,172,909,75,10,3,Konya
Ilgın,142,41114,36570,35287,17312,7429,77,90,248,4168,745,4714,435,55,14,Konya
Kadınhanı,91,21871,19970,19599,12142,4113,24,22,76,1344,408,1235,208,19,8,Konya
Karapınar,112,33768,30091,29291,15755,5206,50,47,137,4588,622,2416,413,50,7,Konya
Kulu,120,34782,26028,25231,14029,2428,56,32,5686,1399,424,914,240,17,6,Konya
Sarayönü,67,19048,17560,17243,11717,2273,13,17,158,1015,703,1142,187,16,2,Konya
Seydişehir,164,48103,44092,42573,20416,5498,91,123,452,8046,1300,5992,522,116,17,Konya
Yunak,71,16282,13204,12819,8114,1718,41,21,571,963,164,1035,177,10,5,Konya
Akören,19,4300,3802,3681,2427,600,7,6,8,174,41,363,50,5,0,Konya
Altınekin,44,9707,9098,8972,6346,1320,13,4,27,465,209,515,67,6,0,Konya
Derebucak,21,5093,4226,4042,2342,580,16,15,12,259,42,710,61,4,1,Konya
Hüyük,44,12670,11458,11005,5751,1445,32,42,68,1595,186,1755,108,21,2,Konya
Karatay,595,206841,188205,184689,128145,26728,839,141,5914,7166,4761,8697,2015,158,125,Konya
Meram,674,231848,211919,208250,139274,28421,234,217,3146,13863,5680,14828,2209,250,128,Konya
Selçuklu,1175,426683,382952,377100,221559,59452,575,449,12968,32837,10325,34261,3977,575,122,Konya
Taşkent,18,4512,4099,3982,2511,502,9,11,16,270,144,475,38,4,2,Konya
Ahırlı,19,3592,3140,3004,1741,490,10,12,9,234,59,396,47,4,2,Konya
Çeltik,25,7131,6069,5897,3457,686,26,20,68,569,90,919,56,3,3,Konya
Derbent,16,3303,3060,2981,1707,356,9,12,11,546,73,236,28,2,1,Konya
Emirgazi,24,5781,4836,4697,2487,677,21,14,23,847,55,515,53,3,2,Konya
Güneysınır,27,6756,6381,6271,4521,1040,2,2,6,180,113,317,85,3,2,Konya
Halkapınar,19,3279,2965,2882,1669,504,7,10,15,317,25,295,34,5,1,Konya
Tuzlukçu,23,5241,4562,4363,2139,461,7,13,30,1037,50,576,39,10,1,Konya
Yalıhüyük,6,1339,1177,1142,745,153,1,2,1,51,12,155,17,5,0,Konya
Seçim çevresi toplamı (2 nolu),4891,1649191,1483365,1454605,398659,94889,2449,4725,149819,610799,11689,165801,9315,5467,993,İzmir
Aliağa,196,64081,60178,59278,16247,6033,99,154,8167,20591,640,6643,449,230,25,İzmir
Bayındır,113,31185,27979,27086,9994,1749,69,103,2327,9464,156,2983,155,78,8,İzmir
Bergama,298,80413,73330,71323,25652,6103,183,220,2805,26725,615,8276,479,226,39,İzmir
Bornova,907,324126,290208,285396,79427,17851,422,828,29607,118512,2251,33223,1945,1097,233,İzmir
Dikili,119,37982,34472,33846,6254,1616,51,167,3638,17978,186,3674,145,119,18,İzmir
Foça,73,24236,21652,21285,4709,1738,28,98,1895,10079,121,2407,111,90,9,İzmir
Karşıyaka,752,274303,248340,245818,36009,8646,187,1010,25386,143198,1269,27752,942,1184,235,İzmir
Kemalpaşa,238,77487,69891,68439,26701,7443,96,166,3470,21744,1098,6770,713,212,26,İzmir
Kınık,81,20770,19474,18892,6342,993,47,47,1887,7278,151,1976,110,54,7,İzmir
Kiraz,119,33661,29455,27809,12065,2195,157,197,303,9048,286,3251,198,98,11,İzmir
Menemen,362,120496,107375,105247,28252,7784,239,325,21428,33973,793,11345,721,332,55,İzmir
Ödemiş,331,103101,91963,88930,33654,6061,196,297,2335,34223,716,10522,587,300,39,İzmir
Tire,217,65553,58045,56350,19126,4055,147,201,2247,19047,469,10491,349,191,27,İzmir
Beydağ,39,9972,9100,8645,2696,552,36,66,86,3783,86,1250,40,46,4,İzmir
Çiğli,399,145598,130779,128794,29889,8189,130,330,17400,56466,877,14118,815,462,118,İzmir
Bayraklı,647,236227,211124,207467,61642,13881,362,516,26838,78690,1975,21120,1556,748,139,İzmir
Seçim çevresi toplamı (1 nolu),4058,1401842,1250107,1231433,364122,130264,1146,3178,105479,440621,16959,153949,10342,4349,1024,Ankara
Bala,72,15512,12703,12326,5502,2846,32,18,1029,1416,91,1141,223,25,3,Ankara
Çankaya,1864,675782,605595,599261,105582,40309,375,2107,64257,282527,8488,89048,3006,2835,727,Ankara
Elmadağ,105,32339,29683,29022,10719,3996,70,49,1426,8222,794,3405,254,76,11,Ankara
Haymana,108,21199,17454,17013,9796,1817,72,28,2300,1644,298,888,155,11,4,Ankara
Polatlı,295,88480,76087,74400,32678,12081,115,155,4735,11563,918,11102,879,157,17,Ankara
Şereflikoçhisar,105,24592,20820,20057,9063,2986,50,54,1007,3488,217,2860,277,46,9,Ankara
Gölbaşı,263,88596,79281,78048,30381,14242,72,144,5048,15285,1774,9879,918,238,67,Ankara
Mamak,1231,453000,406526,399429,159473,51664,354,615,25664,116187,4357,35359,4611,960,185,Ankara
Evren,15,2342,1958,1877,928,323,6,8,13,289,22,267,19,1,1,Ankara
Bilecik Merkez,181,49759,44648,43830,17262,4517,137,120,1235,12803,434,6817,366,139,0,Bilecik
Bozüyük,195,54438,50214,49363,19569,4375,197,136,2118,14820,474,7153,391,130,0,Bilecik
Gölpazarı,63,7981,7009,6749,3245,416,30,31,60,2144,47,689,56,31,0,Bilecik
Osmaneli,64,15895,14498,14162,6748,1060,34,29,127,3586,244,2159,131,44,0,Bilecik
Pazaryeri,41,8109,7425,7183,3582,600,22,23,184,1576,63,1038,72,23,0,Bilecik
Söğüt,54,13541,12298,11966,5805,1180,24,22,282,2743,242,1534,101,33,0,Bilecik
Yenipazar,27,2584,2355,2291,1074,409,4,8,9,602,10,149,25,1,0,Bilecik
İnhisar,13,2012,1756,1670,825,109,6,6,25,533,25,117,18,6,0,Bilecik
Babaeski,126,38687,35070,34315,6721,1482,52,123,881,19394,205,5199,120,135,3,Kırklareli
Demirköy,29,6668,5943,5726,2269,452,11,21,181,1901,42,778,50,20,1,Kırklareli
Kırklareli Merkez,224,71513,63587,62150,18416,3017,105,167,2145,25589,354,11807,287,234,29,Kırklareli
Kofçaz,18,2050,1931,1883,629,104,9,20,14,781,10,301,8,6,1,Kırklareli
Lüleburgaz,336,113453,103452,101808,24697,4243,93,239,3323,52045,602,15781,412,357,16,Kırklareli
Pehlivanköy,13,3189,2867,2778,737,110,4,13,25,1254,14,599,10,11,1,Kırklareli
Pınarhisar,51,14689,13225,12906,3654,733,34,37,312,5886,81,2052,63,51,3,Kırklareli
Vize,79,22425,20341,19781,5025,1226,50,55,242,9329,126,3552,80,89,7,Kırklareli
Seçim çevresi toplamı (2 nolu),3514,1185218,1056573,1040194,520733,154449,1226,1952,39635,180734,16096,109646,13379,2344,0,Ankara
Altındağ,710,257689,227403,223434,118406,28767,259,410,9425,40176,3190,19277,3058,466,0,Ankara
Çamlıdere,50,6561,5923,5827,3707,1236,9,9,11,411,49,316,71,8,0,Ankara
Çubuk,234,63167,57643,56615,34023,10297,83,83,987,5394,815,4080,765,88,0,Ankara
Güdül,38,7033,6311,6165,3451,942,17,50,23,762,78,754,78,10,0,Ankara
Kalecik,67,10082,9152,8874,4766,1347,17,38,91,1418,85,963,128,21,0,Ankara
Kızılcahamam,143,20675,18668,18236,10150,3321,55,45,126,1695,358,2181,266,39,0,Ankara
Keçiören,1796,663345,589034,580731,262238,84098,629,1104,26203,119562,9321,69027,7025,1524,0,Ankara
Kahramankazan,127,36108,32766,32271,17423,6143,46,67,818,3051,449,3825,409,40,0,Ankara
Akyurt,77,22893,20913,20576,12652,3872,38,30,392,1491,244,1494,348,15,0,Ankara
Pursaklar,272,97665,88760,87465,53917,14426,73,116,1559,6774,1507,7729,1231,133,0,Ankara
Baykan,60,14482,11591,11061,4328,516,59,38,5542,278,121,131,41,7,0,Siirt
Eruh,38,10574,8797,8348,2097,344,208,19,5295,227,31,98,22,7,0,Siirt
Kurtalan,116,34223,27746,26855,6758,508,231,33,18523,369,191,172,63,7,0,Siirt
Pervari,58,15319,12928,12300,6785,315,171,48,4173,209,63,471,56,9,0,Siirt
Siirt Merkez,277,91019,78667,76360,27718,2684,1022,110,40654,1752,864,1151,340,65,0,Siirt
Şirvan,53,11568,9436,9088,6408,476,71,21,1728,129,72,137,39,7,0,Siirt
Tillo,12,2579,2297,2255,1796,62,14,0,310,26,13,21,12,1,0,Siirt
Batman Merkez,731,257182,221637,215135,44505,1545,0,297,144006,2491,6364,2326,421,169,13011,Batman
Beşiri,84,16935,14707,14164,3804,127,0,16,8825,144,503,160,46,7,532,Batman
Gercüş,67,12155,10134,9724,3714,237,0,22,4148,147,438,142,36,11,829,Batman
Kozluk,125,34386,29584,28762,7964,532,0,36,17763,434,748,229,59,16,981,Batman
Sason,90,17206,13335,12754,6490,348,0,39,4293,435,362,232,62,22,471,Batman
Hasankeyf,28,4247,3694,3521,1312,44,0,10,1283,89,556,38,9,6,174,Batman
Aksaray Merkez,581,187735,164245,160866,88059,33936,472,285,1920,13970,1256,18386,2316,266,0,Aksaray
Ortaköy,87,22942,19417,18874,10907,3681,39,53,127,1580,158,2000,303,26,0,Aksaray
Ağaçören,40,6284,5355,5177,2934,1277,23,8,17,267,64,452,130,5,0,Aksaray
Güzelyurt,31,8240,7030,6829,3625,1540,18,15,137,959,32,342,154,7,0,Aksaray
Sarıyahşi,16,3743,2758,2634,1476,401,17,13,16,340,71,260,33,7,0,Aksaray
Eskil,67,17510,15797,15453,9140,2911,35,27,28,1582,156,1387,171,16,0,Aksaray
Gülağaç,47,13566,11353,11073,5487,2160,21,35,193,2138,94,744,186,15,0,Aksaray
Sultanhanı,22,6850,6220,6072,3698,682,14,5,23,920,55,622,44,9,0,Aksaray
Çifteler,48,11484,9896,9499,3541,2150,24,38,313,2021,94,1170,130,16,2,Eskişehir
Mahmudiye,27,5764,5030,4852,1857,394,15,12,446,1382,46,649,38,10,3,Eskişehir
Mihalıççık,59,7000,5949,5722,2424,829,29,30,51,1365,80,823,82,9,0,Eskişehir
Sarıcakaya,16,4060,3627,3510,2126,321,10,13,35,577,44,348,27,7,2,Eskişehir
Seyitgazi,67,10793,9993,9680,4407,788,21,31,173,3135,48,989,70,16,2,Eskişehir
Sivrihisar,94,16303,14074,13594,6317,1585,45,59,425,2711,116,2140,158,33,5,Eskişehir
Alpu,44,8864,7746,7486,3805,919,14,41,83,1678,49,779,101,15,2,Eskişehir
Beylikova,29,5095,4486,4314,1777,420,11,21,64,1265,29,663,47,16,1,Eskişehir
İnönü,23,5352,5017,4888,2542,505,8,8,57,1165,64,474,47,17,1,Eskişehir
Günyüzü,25,4925,4446,4307,2699,419,15,11,19,639,40,410,43,10,2,Eskişehir
Han,16,1739,1516,1434,561,139,6,8,13,540,13,139,13,2,0,Eskişehir
Mihalgazi,10,2642,2449,2377,1373,188,6,6,10,405,91,267,27,4,0,Eskişehir
Odunpazarı,847,296082,265075,260810,92599,24675,251,583,10520,91176,2890,34665,2308,1023,120,Eskişehir
Tepebaşı,768,265431,235873,231594,86418,21941,303,537,9588,75030,2666,31949,2054,971,137,Eskişehir
Ağlasun,27,6577,5931,5625,3265,598,20,27,21,725,73,820,63,13,0,Burdur
Bucak,165,47964,43658,42333,20631,6096,130,132,433,5236,558,8623,420,74,0,Burdur
Burdur Merkez,252,75945,69131,67203,23970,6885,172,214,1506,16546,1314,15886,499,211,0,Burdur
Gölhisar,56,16726,14757,14226,7292,2353,41,62,143,1919,203,2031,149,33,0,Burdur
Tefenni,34,8248,7131,6827,2222,1623,28,40,73,1349,76,1333,71,12,0,Burdur
Yeşilova,60,13172,11797,11276,3762,936,37,124,107,4240,126,1803,97,44,0,Burdur
Karamanlı,28,6352,5733,5581,2006,477,17,24,84,1707,80,1126,44,16,0,Burdur
Kemer,11,2730,2447,2347,1216,317,15,14,7,298,50,392,35,3,0,Burdur
Altınyayla,15,4317,3917,3680,2452,298,29,24,18,272,30,513,40,4,0,Burdur
Çavdır,36,9966,8613,8239,3427,1161,50,55,65,1722,95,1556,84,24,0,Burdur
Çeltikçi,16,4383,4002,3796,1948,540,25,20,11,519,38,643,40,12,0,Burdur
Derik,130,34218,29277,28749,3999,408,474,28,22719,678,129,254,40,10,10,Mardin
Kızıltepe,473,141228,122328,120269,21300,861,2311,66,90355,3426,908,624,185,46,187,Mardin
Mazıdağı,80,19854,17133,16481,2818,167,732,26,11854,661,83,113,14,2,11,Mardin
Midyat,224,65389,50573,48614,24304,2032,1125,70,18217,970,742,848,243,42,21,Mardin
Nusaybin,194,60788,49890,48278,6219,424,866,53,39426,734,154,290,82,9,21,Mardin
Ömerli,49,8637,7375,6924,3264,564,51,9,2607,231,53,95,41,7,2,Mardin
Savur,65,15844,12455,12011,4746,422,199,11,6044,306,43,176,54,9,1,Mardin
Dargeçit,58,15690,13057,12479,2577,177,662,22,8615,207,70,111,23,9,6,Mardin
Yeşilli,32,8444,7347,7231,4556,565,172,3,1600,146,67,65,46,1,10,Mardin
Artuklu,328,100453,86297,84245,39851,3767,1661,353,32220,3556,902,1376,408,70,81,Mardin
Çankırı Merkez,207,61987,54973,53922,28337,12249,64,80,459,2918,562,8295,831,127,0,Çankırı
Çerkeş,77,11799,9893,9611,5336,1562,28,38,70,1142,130,1154,131,20,0,Çankırı
Eldivan,27,4836,4327,4195,2558,675,9,12,10,323,59,472,64,13,0,Çankırı
Ilgaz,95,11438,10083,9800,6093,1675,26,31,30,590,152,1001,188,14,0,Çankırı
Kurşunlu,45,6624,5831,5701,3583,876,20,16,30,512,51,508,97,8,0,Çankırı
Orta,45,8379,7404,7286,5172,1370,4,10,14,157,106,317,128,8,0,Çankırı
Şabanözü,39,8133,7329,7136,4008,1144,12,21,30,1087,57,674,92,11,0,Çankırı
Yapraklı,46,6391,5663,5568,4162,807,13,11,8,81,64,331,86,5,0,Çankırı
Atkaracalar,22,3275,2731,2672,1849,308,6,3,15,106,23,321,37,4,0,Çankırı
Kızılırmak,33,5746,5055,4945,2813,1389,12,7,29,220,19,359,92,5,0,Çankırı
Bayramören,30,2022,1802,1762,1295,146,6,7,3,67,17,169,49,3,0,Çankırı
Korgun,18,3328,3015,2946,2099,425,3,5,4,74,30,255,44,7,0,Çankırı
Çiçekdağı,70,11146,9554,9279,4767,1921,57,20,425,1025,127,742,185,7,3,Kırşehir
Kaman,112,27437,22502,21783,9321,3164,49,66,371,5822,176,2457,238,51,68,Kırşehir
Kırşehir Merkez,323,99218,86749,84946,30908,15193,113,136,4319,22901,896,9262,995,202,21,Kırşehir
Mucur,80,14198,12595,12311,5483,1977,13,22,166,3356,104,1030,128,28,4,Kırşehir
Akpınar,35,5955,5205,5050,2635,560,13,24,34,1226,34,453,60,9,2,Kırşehir
Akçakent,23,3171,2750,2671,1667,429,6,12,13,238,31,217,46,10,2,Kırşehir
Boztepe,24,4367,3942,3851,1278,329,3,3,701,1302,28,177,17,12,1,Kırşehir
Ardeşen,116,30661,26846,26264,15221,2904,27,28,257,4686,592,2223,264,54,8,Rize
Çamlıhemşin,38,5320,4575,4458,2830,503,6,11,55,773,43,167,63,6,1,Rize
Çayeli,137,33038,29037,28529,19322,4551,42,36,115,1969,387,1665,384,47,11,Rize
Fındıklı,51,12697,11127,10774,4529,786,14,23,403,3663,89,1120,111,31,5,Rize
İkizdere,38,5061,4304,4214,3238,438,6,17,10,272,48,137,44,3,1,Rize
Kalkandere,43,9033,8375,8221,5772,858,6,7,147,644,122,575,60,4,26,Rize
Pazar,106,24653,21274,20721,11381,2534,29,58,323,4615,228,1242,258,41,12,Rize
Rize Merkez,343,106683,93655,91851,60820,11887,75,134,665,9587,2253,5139,934,174,183,Rize
Güneysu,39,10627,9890,9720,7814,928,9,11,13,391,109,329,98,14,4,Rize
Derepazarı,24,5698,5154,5061,3567,715,3,6,24,407,102,161,60,8,8,Rize
Hemşin,13,2173,1867,1822,1050,149,6,12,29,413,19,117,19,4,4,Rize
İyidere,27,6698,6010,5872,4404,654,5,11,7,380,104,213,70,11,13,Rize
Yalova Merkez,270,97657,84855,83448,35440,5727,163,157,7405,23791,1076,8746,724,219,0,Yalova
Altınova,61,18767,16762,16475,7938,1247,54,33,1080,4464,211,1272,137,39,0,Yalova
Armutlu,23,6829,5984,5882,2581,864,15,11,361,1257,113,591,67,22,0,Yalova
Çınarcık,69,23879,20284,19924,7844,1622,16,63,1510,6768,178,1676,190,57,0,Yalova
Çiftlikköy,80,26885,23562,23111,9864,1963,37,50,1288,6883,336,2398,212,80,0,Yalova
Termal,12,4161,3711,3627,2120,236,1,8,69,680,81,406,17,9,0,Yalova
Çayırlı,56,6890,6220,6149,2905,667,4,1,263,2079,54,124,41,11,0,Erzincan
Erzincan Merkez,363,106890,97029,95481,40185,18138,86,81,5974,24048,1188,4543,1095,143,0,Erzincan
İliç,67,6332,5671,5521,3044,840,7,6,82,1206,74,196,61,5,0,Erzincan
Kemah,86,5934,5400,5299,2766,447,9,7,242,1542,64,163,50,9,0,Erzincan
Kemaliye,72,4010,3368,3314,2018,353,3,32,57,592,51,168,31,9,0,Erzincan
Refahiye,131,8850,7972,7868,4520,862,9,11,101,1934,52,276,93,10,0,Erzincan
Tercan,102,12011,10574,10435,4249,1893,6,6,597,3206,48,285,134,11,0,Erzincan
Üzümlü,52,9360,8444,8332,2512,3060,11,4,285,2089,29,202,133,7,0,Erzincan
Otlukbeli,14,1891,1677,1636,814,526,3,0,14,206,29,26,16,2,0,Erzincan
Bor,145,43505,39218,38442,17218,7570,80,111,406,7389,358,4699,539,72,0,Niğde
Çamardı,39,9408,7928,7659,4088,1372,31,43,44,891,72,963,133,22,0,Niğde
Niğde Merkez,438,145100,127697,125344,53229,25289,205,259,1638,25393,1817,15849,1450,215,0,Niğde
Ulukışla,70,16030,14209,13791,4385,3250,54,88,236,3785,94,1629,230,40,0,Niğde
Altunhisar,29,8797,7402,7166,3972,1561,22,38,30,986,47,397,106,7,0,Niğde
Çiftlik,57,17261,14476,13888,5211,3677,51,74,70,3153,99,1251,258,44,0,Niğde
Seçim çevresi toplamı (3 nolu),10087,3696176,3242484,3189988,1306005,265996,6514,5738,456265,808690,43300,262799,25218,8456,1007,İstanbul
Bakırköy,463,168450,147943,146304,28993,6424,94,466,20283,69677,1727,17225,618,726,71,İstanbul
Çatalca,160,53501,48873,47681,17817,2924,71,89,1838,16685,459,7293,320,156,29,İstanbul
Silivri,386,120995,115744,113456,37394,9411,142,283,12158,39207,1380,12165,852,402,62,İstanbul
Büyükçekmece,471,172351,151341,149151,56466,11544,158,347,13330,49045,1420,15161,1122,511,47,İstanbul
Küçükçekmece,1468,541033,474705,467024,176882,40540,1032,848,62294,129231,5930,45047,3738,1326,156,İstanbul
Avcılar,811,302286,263133,258744,90945,19715,355,476,33776,86321,2700,21685,1888,784,99,İstanbul
Bağcılar,1359,506091,443545,435931,222074,43754,1081,644,66243,64098,7010,26145,3988,785,109,İstanbul
Bahçelievler,1158,427357,372488,366878,159863,30319,753,647,48979,86648,5638,30068,2905,934,124,İstanbul
Güngören,571,211075,183720,180855,84937,15514,414,311,21109,38859,2989,14672,1534,476,40,İstanbul
Arnavutköy,471,168986,148790,145345,77685,16591,488,222,22867,15195,2097,8288,1678,193,41,İstanbul
Başakşehir,690,253892,225857,222658,104233,16558,613,316,32232,44348,5278,16788,1631,603,58,İstanbul
Beylikdüzü,595,220711,195406,193260,69359,13856,236,440,19578,64567,2572,20729,1185,676,62,İstanbul
Esenyurt,1484,549448,470939,462701,179357,38846,1077,649,101578,104809,4100,27533,3759,884,109,İstanbul
Aralık,48,12697,9434,9190,2122,1682,18,51,4000,217,740,314,37,9,0,Iğdır
Iğdır Merkez,245,83206,65695,64231,11619,16194,116,110,29321,1428,843,4072,445,83,0,Iğdır
Tuzluca,82,14757,11324,10963,2620,1849,39,28,5198,360,161,617,74,17,0,Iğdır
Karakoyunlu,33,8995,6844,6731,1376,2160,25,14,2538,136,92,333,51,6,0,Iğdır
Seçim çevresi toplamı (2 nolu),8316,3043424,2657989,2614767,1158833,208937,5320,5026,317391,648737,40999,199693,21480,7181,1170,İstanbul
Beşiktaş,394,140754,123479,122284,18892,3906,54,456,20131,64701,1000,12065,385,585,109,İstanbul
Beyoğlu,475,170779,145618,143037,63426,10718,214,339,23847,31526,2454,8849,1226,371,67,İstanbul
Eyüpsultan,752,273863,242854,238834,102136,19333,313,419,23205,67227,4008,19417,2010,680,86,İstanbul
Fatih,794,283991,240249,235547,110788,14943,442,588,26810,54703,5062,19329,2015,742,125,İstanbul
Gaziosmanpaşa,936,349260,305036,299889,152308,24512,501,505,30251,59652,4870,23816,2611,758,105,İstanbul
Sarıyer,690,248940,219676,216281,76999,16304,187,504,22406,75892,2723,18551,1775,817,123,İstanbul
Şişli,562,204319,174857,172419,42813,8940,175,493,31404,71366,1549,13880,962,689,148,İstanbul
Zeytinburnu,520,191796,165085,162260,70984,14300,897,247,24676,32664,2309,14282,1393,437,71,İstanbul
Kağıthane,866,319199,278618,274105,125325,28035,480,475,26850,62783,5270,21516,2511,714,146,İstanbul
Bayrampaşa,542,199348,175933,173395,82041,15265,216,343,8366,43578,2740,18760,1474,552,60,İstanbul
Esenler,841,310787,274818,270224,150918,28732,722,323,31551,34308,4374,16110,2697,422,67,İstanbul
Sultangazi,944,350388,311766,306492,162203,23949,1119,334,47894,50337,4640,13118,2421,414,63,İstanbul
Bulanık,153,44242,35763,34755,4935,672,136,102,27028,431,206,1159,64,22,0,Muş
Malazgirt,111,27866,23068,22421,3679,496,72,68,17392,285,107,270,44,8,0,Muş
Muş Merkez,355,108161,88242,84951,36674,4876,2169,126,34318,1446,1101,3757,438,46,0,Muş
Varto,66,20147,17215,16474,1106,168,57,52,13702,1139,40,188,15,7,0,Muş
Hasköy,50,14158,13174,12955,8374,207,56,10,1803,196,102,2185,14,8,0,Muş
Korkut,53,13964,11813,11481,2979,108,294,33,7501,136,96,322,9,3,0,Muş
Çaycuma,257,72211,64152,60854,29979,3351,166,254,599,20379,1290,4248,403,167,18,Zonguldak
Devrek,168,45179,38702,36642,20376,2644,118,219,352,8727,693,3049,338,106,20,Zonguldak
Ereğli,415,128418,114891,110877,48258,13796,203,390,1894,33996,1207,8729,1055,363,986,Zonguldak
Zonguldak Merkez,287,90204,77532,75303,28721,9434,135,276,1375,26599,1750,6027,680,280,26,Zonguldak
Alaplı,120,32480,29486,28400,14552,3524,63,116,322,6749,387,2127,394,76,90,Zonguldak
Gökçebey,60,16723,14672,13649,6392,961,63,93,163,4410,211,1169,120,57,10,Zonguldak
Kilimli,87,27440,23641,22977,8637,3478,24,76,181,7944,552,1802,206,62,15,Zonguldak
Kozlu,114,34208,29739,28950,13260,3501,43,98,496,8000,636,2526,265,99,26,Zonguldak
Banaz,105,28094,25493,24450,10006,2850,81,120,217,7243,182,3450,244,57,0,Uşak
Eşme,120,27918,25269,24278,9395,1531,138,116,607,8519,183,3572,147,70,0,Uşak
Karahallı,31,8491,7576,7248,3417,436,19,26,99,2139,101,942,49,20,0,Uşak
Sivaslı,54,15605,14238,13653,5753,1238,44,47,201,4714,81,1447,85,43,0,Uşak
Ulubey,48,10595,9704,9356,3362,793,34,45,154,3559,70,1242,72,25,0,Uşak
Uşak Merkez,538,175790,160547,157022,68431,17824,288,370,4917,40857,2646,19854,1452,383,0,Uşak
Altınözü,124,35942,31809,31198,18393,7280,49,43,423,3231,215,1056,471,37,0,Hatay
Dörtyol,239,82689,72574,71252,25173,15744,148,86,6861,12779,1030,8629,690,112,0,Hatay
Hassa,121,36231,31908,31078,18187,4838,86,80,360,2578,586,4018,299,46,0,Hatay
İskenderun,482,171301,151398,149476,50676,23838,388,262,12913,45508,1225,12914,1432,320,0,Hatay
Kırıkhan,235,73575,64937,64052,36724,13308,102,86,1308,6478,530,4789,656,71,0,Hatay
Reyhanlı,173,54641,45331,44372,22137,12861,78,64,737,5606,464,1768,603,54,0,Hatay
Samandağ,236,80101,70605,69604,3428,1531,63,137,22453,40176,128,1448,110,130,0,Hatay
Yayladağı,77,18190,17148,16764,9483,3150,40,29,308,2415,207,880,222,30,0,Hatay
Erzin,88,28605,25191,24772,7192,4740,47,31,3459,5806,240,2980,231,46,0,Hatay
Belen,70,23018,20961,20616,8833,5044,26,44,401,3120,282,2580,251,35,0,Hatay
Kumlu,30,8090,7110,6994,3558,1600,8,6,35,1221,62,440,59,5,0,Hatay
Antakya,683,236374,212110,209194,93011,25919,214,182,15709,56913,2337,12589,1926,394,0,Hatay
Arsuz,184,60827,55225,54532,8501,4893,60,72,6317,31901,183,2207,258,140,0,Hatay
Defne,302,104137,94272,93086,4877,1645,98,126,25540,58481,219,1803,105,192,0,Hatay
Payas,80,27355,24703,24290,10012,4788,104,42,1821,4932,481,1810,255,45,0,Hatay
Ardanuç,65,9196,8093,7808,2524,374,34,29,294,3469,85,918,44,37,0,Artvin
Arhavi,70,16214,14082,13796,6462,1170,20,35,292,4084,259,1230,198,46,0,Artvin
Artvin Merkez,111,25085,22186,21697,7140,2767,59,68,666,7241,313,3179,173,91,0,Artvin
Borçka,66,16979,14768,14363,6421,2183,36,42,325,3649,236,1201,232,38,0,Artvin
Hopa,69,19741,17356,17049,5096,1354,38,65,1922,6623,252,1539,119,41,0,Artvin
Şavşat,91,15624,13473,12919,4576,736,66,95,509,5120,296,1389,86,46,0,Artvin
Yusufeli,115,17157,14975,14447,8992,1683,50,67,105,2003,138,1203,180,26,0,Artvin
Murgul,20,4531,4030,3941,1360,591,9,8,90,1301,37,486,45,14,0,Artvin
Kemalpaşa,26,6748,6103,5971,1529,411,13,14,873,2615,25,455,25,11,0,Artvin
Akhisar,411,130082,119355,116343,43705,10791,294,363,4381,41408,1214,12968,905,314,0,Manisa
Alaşehir,257,75827,68455,66261,23418,7745,254,263,3569,19328,720,10274,498,192,0,Manisa
Demirci,135,30266,27604,26689,15457,3153,88,105,175,3494,473,3414,279,51,0,Manisa
Gördes,95,22759,21064,20168,10396,2695,104,109,154,3400,210,2784,259,57,0,Manisa
Kırkağaç,103,29256,26637,25896,15063,2309,65,71,309,4314,340,3155,219,51,0,Manisa
Kula,136,34703,31731,30562,14057,4414,123,150,363,6209,268,4613,297,68,0,Manisa
Salihli,387,123901,112319,109704,33073,13209,298,333,8206,37134,708,15575,890,278,0,Manisa
Sarıgöl,93,28394,26000,24985,6894,2450,140,133,848,9242,162,4889,145,82,0,Manisa
Saruhanlı,138,41904,39071,38082,13434,3300,107,88,2855,12208,277,5472,248,93,0,Manisa
Selendi,83,16025,14523,13946,5304,4494,68,82,125,2279,120,1223,234,17,0,Manisa
Soma,269,79850,73275,71737,34202,7931,128,232,1999,16862,906,8620,662,195,0,Manisa
Turgutlu,343,116822,105261,102956,39873,11191,300,223,12237,22497,960,14501,905,269,0,Manisa
Ahmetli,46,12678,11599,11308,4962,1128,47,32,632,2633,95,1679,78,22,0,Manisa
Gölmarmara,42,11333,10470,10229,3117,1017,24,18,2009,3113,47,780,78,26,0,Manisa
Köprübaşı,62,10867,9904,9469,4396,978,44,40,102,2068,77,1664,81,19,0,Manisa
Şehzadeler,358,120239,110187,108152,41653,11947,227,191,9725,25877,849,16376,976,331,0,Manisa
Yunusemre,477,159722,146287,143711,54912,16891,234,306,14509,33828,1240,20015,1370,406,0,Manisa
Aşkale,99,16052,14507,14297,8162,3503,24,20,237,680,221,1173,257,20,0,Erzurum
Çat,57,11120,9632,9407,5146,1215,21,16,1603,862,101,336,99,8,0,Erzurum
Hınıs,115,16513,13476,12817,4163,474,63,34,6678,918,137,275,60,15,0,Erzurum
Horasan,123,23803,20217,19875,12669,3408,34,27,2000,315,184,826,390,22,0,Erzurum
İspir,122,12918,11515,11295,8002,1632,31,24,36,449,231,731,143,16,0,Erzurum
Karayazı,99,16250,13557,13098,2765,200,44,37,9734,149,59,83,22,5,0,Erzurum
Narman,57,9463,8339,8169,5068,1699,16,25,31,295,117,756,159,3,0,Erzurum
Oltu,123,22395,19698,19356,11824,4021,41,47,353,855,511,1323,362,19,0,Erzurum
Olur,47,5626,4753,4627,2967,742,13,15,13,224,60,497,87,9,0,Erzurum
Pasinler,92,18403,16667,16325,9246,3474,33,26,666,438,324,1857,238,23,0,Erzurum
Şenkaya,88,13512,10954,10659,4838,1236,30,38,1342,2094,118,589,348,26,0,Erzurum
Tekman,85,15055,12307,11720,2699,168,57,74,8199,277,101,109,21,15,0,Erzurum
Tortum,78,11952,10828,10689,7659,1846,16,15,10,220,159,619,135,10,0,Erzurum
Karaçoban,51,12845,9968,9567,1802,334,31,29,7025,151,45,105,37,8,0,Erzurum
Uzundere,27,6645,5931,5801,3869,1051,11,17,14,145,120,471,95,8,0,Erzurum
Pazaryolu,46,3422,3115,3087,2382,405,2,3,5,62,46,140,41,1,0,Erzurum
Aziziye,150,38269,34666,34228,20540,7811,33,30,630,939,612,3092,510,31,0,Erzurum
Köprüköy,53,9463,8421,8249,5149,1250,28,19,1197,124,58,358,59,7,0,Erzurum
Palandöken,323,113170,98717,97146,50206,20957,203,91,6974,3774,2132,11185,1454,170,0,Erzurum
Yakutiye,352,116710,103846,102405,58419,22699,102,93,3138,3819,2179,10119,1682,155,0,Erzurum
Anamur,171,50407,45260,43953,13733,5976,120,138,873,12836,387,9453,302,123,12,Mersin
Erdemli,317,100445,90822,88981,36339,15638,169,172,3542,14697,988,16371,865,176,24,Mersin
Gülnar,96,19688,17878,17277,5737,3735,71,69,92,3986,113,3249,182,35,8,Mersin
Mut,176,46403,41715,40607,15979,4797,110,97,467,12394,458,5927,281,82,15,Mersin
Silifke,295,90740,81222,79356,22792,10314,210,254,2060,22732,396,19721,601,252,24,Mersin
Tarsus,730,234373,207352,203440,47207,38538,1291,384,33450,51586,1207,27326,1990,397,64,Mersin
Aydıncık,32,8452,7529,7305,2553,1141,33,25,78,1863,50,1457,83,22,0,Mersin
Bozyazı,68,20305,18335,17806,6913,2470,75,34,251,3074,128,4668,154,34,5,Mersin
Çamlıyayla,26,6639,6068,5868,1946,1650,45,20,33,847,32,1210,67,12,6,Mersin
Akdeniz,507,176007,155739,152395,38503,11179,1007,265,53406,36619,756,9486,869,266,39,Mersin
Mezitli,379,134212,117675,116232,26029,11202,180,277,18308,43393,615,15131,712,324,61,Mersin
Toroslar,584,203238,176436,173843,53918,21480,778,273,40316,33444,1427,20336,1493,335,43,Mersin
Yenişehir,494,179219,157419,155495,30551,11461,397,383,33787,59043,958,17589,773,480,73,Mersin
Alucra,54,7393,5909,5756,3805,1028,5,9,14,252,109,394,132,8,0,Giresun
Bulancak,177,50136,44621,43635,23263,4874,80,95,448,9272,724,4327,456,96,0,Giresun
Dereli,63,16091,14074,13566,9485,1103,54,46,25,895,80,1662,197,19,0,Giresun
Espiye,91,25516,21777,21096,11270,2164,90,72,243,3751,235,2893,324,54,0,Giresun
Eynesil,37,10339,8827,8555,4732,735,24,24,80,1836,136,876,94,18,0,Giresun
Giresun Merkez,307,98800,86368,84644,36382,7978,205,227,1391,18110,1073,18224,788,266,0,Giresun
Görele,111,24214,20498,19834,9944,2041,63,72,203,4180,218,2841,230,42,0,Giresun
Keşap,76,17023,14358,13946,7793,1177,57,44,116,2453,148,1984,138,36,0,Giresun
Şebinkarahisar,95,15985,13736,13406,8273,2154,24,35,76,1183,157,1239,242,23,0,Giresun
Tirebolu,98,24540,21239,20664,10433,2720,66,42,186,3378,184,3328,285,42,0,Giresun
Piraziz,42,10578,9358,9130,4776,703,27,21,67,2259,129,1047,72,29,0,Giresun
Yağlıdere,48,12036,10402,10053,6751,1073,46,59,52,701,116,1084,151,20,0,Giresun
Çamoluk,37,5760,4952,4863,3791,412,15,16,8,248,115,187,64,7,0,Giresun
Çanakçı,24,4942,4362,4208,2238,1052,23,15,16,436,37,316,67,8,0,Giresun
Doğankent,20,4886,4272,4158,2636,502,12,16,31,366,33,489,63,10,0,Giresun
Güce,24,6066,5466,5349,3563,564,11,19,27,610,48,452,53,2,0,Giresun
Bartın Merkez,372,112331,98205,94178,42535,17160,228,426,1177,23615,2100,5501,1191,245,0,Bartın
Kurucaşile,34,5335,4520,4289,1946,518,29,35,38,1291,99,273,44,16,0,Bartın
Ulus,100,17763,15780,14955,8745,1780,64,125,99,2899,284,736,186,37,0,Bartın
Amasra,50,11459,10153,9673,3394,1436,24,76,188,3599,156,689,79,32,0,Bartın
Gebze,715,259788,232259,227854,112770,29023,287,391,15278,41731,4659,20377,2623,562,153,Kocaeli
Gölcük,332,116600,104307,102434,48370,10054,115,162,3601,23437,2509,12761,1065,329,31,Kocaeli
Kandıra,180,35546,33992,32759,16528,4504,87,147,1080,5747,644,3568,369,72,13,Kocaeli
Karamürsel,136,42745,37511,36742,18182,3261,51,69,1008,7999,1222,4477,358,103,12,Kocaeli
Körfez,326,114658,102402,100433,43784,12194,198,166,11111,18551,2458,10726,951,271,23,Kocaeli
Derince,294,103074,92891,91069,39966,10398,136,144,6000,20320,1799,11049,946,276,35,Kocaeli
Başiskele,197,66499,61256,60263,33942,6591,84,75,1957,8762,1995,6074,627,140,16,Kocaeli
Çayırova,242,88216,78674,77289,37734,9500,121,89,7221,14685,1699,5248,842,121,29,Kocaeli
Darıca,379,138467,123036,120889,57063,14129,185,187,14129,21606,1963,10064,1226,261,76,Kocaeli
Dilovası,90,31109,27398,26604,12058,2401,145,35,8381,1560,307,1433,250,26,8,Kocaeli
İzmit,752,255778,230498,226260,97268,22554,314,438,9991,58348,5021,29367,2120,749,90,Kocaeli
Kartepe,234,81922,74625,73066,39006,7843,120,111,3103,12719,1674,7501,774,201,14,Kocaeli
Alaca,151,24272,21973,21604,11408,3488,43,27,710,3617,178,1780,332,21,0,Çorum
Bayat,78,12906,11493,11159,7940,1123,43,42,55,686,86,1063,108,13,0,Çorum
Çorum Merkez,725,205764,189084,185814,84158,26402,175,283,8747,46520,2246,14922,1975,386,0,Çorum
İskilip,125,25436,22778,22012,13899,3455,70,122,113,1627,296,2016,374,40,0,Çorum
Kargı,80,13316,11875,11365,7217,1223,48,74,55,1674,100,821,136,17,0,Çorum
Mecitözü,70,12329,11498,11231,5117,1225,12,19,457,3575,82,574,149,21,0,Çorum
Ortaköy,27,5552,5016,4884,2048,749,8,10,253,1223,49,475,58,11,0,Çorum
Osmancık,141,33135,30083,29186,17340,3589,87,87,242,4329,269,2854,336,53,0,Çorum
Sungurlu,182,36833,33066,32344,18024,4922,76,79,423,4358,303,3607,492,60,0,Çorum
Boğazkale,20,3120,2790,2709,1765,453,7,8,34,188,33,170,44,7,0,Çorum
Uğurludağ,29,4934,4385,4277,2821,662,11,14,23,435,21,245,44,1,0,Çorum
Dodurga,24,5108,4694,4534,2212,573,8,27,41,966,61,590,41,15,0,Çorum
Laçin,21,3600,3240,3116,1753,411,13,22,60,599,41,177,35,5,0,Çorum
Oğuzlar,18,4384,4103,3953,2381,347,19,26,17,794,36,292,33,8,0,Çorum
Arpaçay,58,12163,9555,9274,3807,948,37,36,1097,1831,47,1356,96,19,0,Kars
Digor,61,13731,11217,10856,1565,97,29,50,8769,201,19,100,21,5,0,Kars
Kağızman,113,28383,22854,22074,9489,1382,68,64,9221,858,113,718,138,23,0,Kars
Kars Merkez,241,71904,58935,57475,17739,4032,163,139,16794,11624,391,6094,369,130,0,Kars
Sarıkamış,100,25957,20735,19993,9980,2095,44,46,4901,1631,206,886,186,18,0,Kars
Selim,71,15194,12708,12236,6148,640,44,47,3184,1487,148,433,91,14,0,Kars
Susuz,33,7061,5871,5704,1709,362,19,16,2072,1112,25,341,45,3,0,Kars
Akyaka,37,7383,5592,5439,2354,589,20,16,247,1463,24,669,47,10,0,Kars
Beytüşşebap,38,10435,8636,8290,1988,649,31,27,4931,348,33,245,31,5,2,Şırnak
Cizre,225,74521,65810,64030,6303,1150,1763,80,52588,947,344,719,89,35,12,Şırnak
İdil,134,37888,30901,30014,5330,638,947,36,22001,497,89,416,43,14,3,Şırnak
Silopi,201,68261,61526,59883,9446,1937,698,85,44737,1194,170,1114,80,40,382,Şırnak
Şırnak Merkez,151,47683,42318,40751,10792,3309,1348,74,22117,1198,293,1414,159,40,7,Şırnak
Uludere,75,23157,18864,18434,3479,818,45,36,12896,757,62,297,35,8,1,Şırnak
Güçlükonak,30,6363,5510,5336,1185,220,15,6,3699,107,10,79,11,3,1,Şırnak
Bodrum,374,130972,114660,113110,18310,5650,115,406,13869,57540,452,15726,498,544,0,Muğla
Datça,56,18421,16540,16273,2448,1028,21,108,2101,8311,46,2113,65,32,0,Muğla
Fethiye,330,114034,100102,98388,31651,6966,185,312,4054,33611,778,19866,614,351,0,Muğla
Köyceğiz,88,27400,24160,23423,8409,1415,65,124,760,9175,132,3118,161,64,0,Muğla
Marmaris,196,68498,58438,57495,12461,3505,68,217,4734,27557,257,8107,366,223,0,Muğla
Milas,356,108154,97945,95435,24372,5372,261,485,6127,40928,511,16515,466,398,0,Muğla
Ula,70,20214,18313,17761,5398,850,58,104,919,7633,94,2553,93,59,0,Muğla
Yatağan,123,35335,32393,31320,9383,1855,113,151,760,12000,260,6540,146,112,0,Muğla
Dalaman,90,28543,25259,24734,8304,2128,74,92,908,8241,153,4591,172,71,0,Muğla
Ortaca,110,36666,32818,32088,8570,2522,66,153,1532,13399,214,5361,176,95,0,Muğla
Kavaklıdere,28,8252,7649,7358,3457,630,29,26,36,1806,56,1234,58,26,0,Muğla
Menteşe,254,82484,73943,72284,18385,4601,136,247,3963,31014,502,12727,395,314,0,Muğla
Seydikemer,155,45938,40732,38958,18619,3271,187,190,515,8492,330,6944,314,96,0,Muğla
Bahçe,55,15126,13599,13285,5806,4588,86,24,77,1035,132,1208,307,22,0,Osmaniye
Kadirli,270,89130,77216,75726,28142,19441,253,219,736,10855,498,14441,1019,122,0,Osmaniye
Osmaniye Merkez,497,172884,147607,145282,49974,49962,626,237,7328,16458,1870,15906,2699,222,0,Osmaniye
Düziçi,190,55545,47825,46789,15427,14538,122,103,586,9051,312,5825,747,78,0,Osmaniye
Hasanbeyli,14,3261,2952,2867,1146,821,8,3,17,411,41,364,51,5,0,Osmaniye
Sumbas,36,10678,9012,8746,2902,2405,42,53,41,1253,44,1864,123,19,0,Osmaniye
Toprakkale,38,10861,10518,10390,2403,4044,20,13,800,1361,90,1479,167,13,0,Osmaniye
Çerkezköy,295,107385,94550,93009,36159,11208,153,152,11060,24916,851,7485,802,194,29,Tekirdağ
Çorlu,516,187789,167065,164576,49387,10648,163,382,11035,69919,1206,20168,987,604,77,Tekirdağ
Hayrabolu,98,25143,22649,21893,6961,932,64,82,212,9570,132,3717,114,101,8,Tekirdağ
Malkara,154,41622,37609,36418,12849,2177,88,154,466,14660,293,5387,223,113,8,Tekirdağ
Muratlı,70,21762,19899,19401,5161,1125,32,55,595,9694,125,2418,108,82,6,Tekirdağ
Saray,112,37843,34405,33660,9122,1878,49,107,922,16598,325,4359,184,103,13,Tekirdağ
Şarköy,89,26742,23517,22839,6861,1126,39,91,932,11026,119,2412,145,84,4,Tekirdağ
Marmaraereğlisi,55,18855,16511,16158,4708,1084,16,54,2111,6266,107,1665,85,57,5,Tekirdağ
Ergene,129,45530,41371,40413,13216,2709,52,95,3064,15841,255,4790,244,130,17,Tekirdağ
Kapaklı,211,77415,68305,67101,28751,7520,81,103,4404,18980,532,5901,646,168,15,Tekirdağ
Süleymanpaşa,443,146503,131436,129025,43636,7453,167,314,5473,51069,1073,18405,856,532,47,Tekirdağ
Bismil,251,67195,59447,57642,9050,480,0,49,44500,702,338,620,74,27,1802,Diyarbakır
Çermik,128,30594,22529,21470,10443,464,0,53,7089,782,267,726,105,26,1515,Diyarbakır
Çınar,153,37964,31723,30606,6303,167,0,41,19759,277,215,321,43,21,3459,Diyarbakır
Çüngüş,45,7986,6095,5611,2677,194,0,29,1488,530,118,338,28,17,192,Diyarbakır
Dicle,79,22394,17515,16561,2699,138,0,38,9209,180,964,2939,23,29,342,Diyarbakır
Ergani,271,79624,64415,61606,14216,1215,0,109,37851,1514,1181,1738,163,57,3562,Diyarbakır
Hani,60,18723,13950,13118,3644,240,0,36,6291,167,661,311,28,8,1732,Diyarbakır
Hazro,34,9626,7775,7396,954,291,0,11,5788,74,43,63,14,4,154,Diyarbakır
Kulp,86,21479,17144,16272,5104,217,0,32,10114,284,96,207,34,18,166,Diyarbakır
Lice,76,15862,13639,13201,984,284,0,14,11424,206,51,129,23,7,79,Diyarbakır
Silvan,174,49208,42471,40751,4795,313,0,36,32978,422,194,264,48,19,1682,Diyarbakır
Eğil,53,14020,10781,9988,2782,123,0,31,5402,181,256,852,31,12,318,Diyarbakır
Kocaköy,37,9726,8577,8266,1104,91,0,3,6720,112,62,71,15,3,85,Diyarbakır
Bağlar,660,232699,196166,190067,34582,1718,0,170,134973,3669,2693,3892,406,114,7850,Diyarbakır
Kayapınar,606,214959,184576,179474,35919,1903,0,147,120576,3823,4033,5003,387,121,7562,Diyarbakır
Sur,231,66358,55027,52865,11019,381,0,244,34685,709,816,1279,90,32,3610,Diyarbakır
Yenişehir,367,124972,104487,101348,21530,1609,0,112,65325,2930,1967,3822,316,92,3645,Diyarbakır
Delice,56,6765,6052,5948,2939,961,25,16,104,1201,47,586,61,8,0,Kırıkkale
Keskin,81,12238,11155,10862,4614,1963,15,25,238,1113,131,2600,138,25,0,Kırıkkale
Kırıkkale Merkez,412,146479,127609,125406,52879,31216,186,224,1121,18692,1586,17422,1776,304,0,Kırıkkale
Sulakyurt,36,5414,4878,4780,1390,1786,9,5,42,1335,18,103,85,7,0,Kırıkkale
Bahşili,19,5235,4726,4621,2503,1000,10,9,36,548,42,404,59,10,0,Kırıkkale
Balışeyh,33,4442,3954,3852,1686,929,17,9,90,635,46,374,53,13,0,Kırıkkale
Çelebi,17,1824,1615,1574,856,278,7,1,17,120,21,254,20,0,0,Kırıkkale
Karakeçili,10,2376,2171,2119,1023,689,6,2,3,115,25,212,43,1,0,Kırıkkale
Yahşihan,44,13623,11664,11467,4721,2511,17,9,230,1993,146,1669,143,28,0,Kırıkkale
Eflani,62,6967,5998,5733,3676,613,21,49,31,549,89,619,71,15,0,Karabük
Eskipazar,65,9966,8760,8467,4965,1411,26,48,35,661,182,960,166,13,0,Karabük
Karabük Merkez,282,91193,79991,78148,42395,11089,128,215,808,11288,1288,9801,961,175,0,Karabük
Ovacık,44,2991,2767,2653,1668,252,17,32,11,329,29,288,21,6,0,Karabük
Safranbolu,184,47753,42081,41066,19916,5008,83,116,517,9050,713,5129,406,128,0,Karabük
Yenice,74,16630,14808,13990,6826,1901,48,92,84,2867,304,1693,138,37,0,Karabük
Bünyan,83,19362,18562,18132,7922,4926,34,33,416,1928,338,2189,312,30,4,Kayseri
Develi,161,46331,41691,40729,21638,10416,74,50,205,3354,586,3576,764,54,12,Kayseri
Felahiye,20,4619,3771,3624,1533,778,7,9,16,711,54,437,71,5,3,Kayseri
İncesu,64,18028,16538,16030,8337,3207,51,43,659,1559,324,1607,220,18,5,Kayseri
Pınarbaşı,141,17042,14533,14204,4972,3012,41,32,335,1917,142,3506,203,36,8,Kayseri
Sarıoğlan,47,10853,9586,9318,4066,2120,30,21,210,1733,138,851,137,9,3,Kayseri
Sarız,49,7845,6598,6393,1879,1587,14,19,711,1097,67,901,106,12,0,Kayseri
Tomarza,78,16643,14999,14611,7151,3707,23,28,91,1714,217,1425,233,17,5,Kayseri
Yahyalı,94,26262,24096,23693,15292,4607,37,25,111,1261,418,1643,277,18,4,Kayseri
Yeşilhisar,49,12217,11179,10886,5283,1856,27,22,91,2037,146,1236,164,18,6,Kayseri
Akkışla,22,5063,4339,4084,1708,626,19,35,38,834,42,707,59,13,3,Kayseri
Talas,298,103995,93266,91971,38054,21180,86,167,1843,14240,1810,12940,1293,223,135,Kayseri
Kocasinan,782,271577,246820,241975,121284,50304,499,347,5291,30127,4019,25858,3534,412,300,Kayseri
Melikgazi,1062,380506,347243,341828,174859,71521,514,428,6128,39504,6300,36926,4736,609,303,Kayseri
Hacılar,30,8904,8471,8290,5620,1376,16,11,34,504,96,519,104,7,3,Kayseri
Özvatan,15,3382,3034,2934,1282,853,7,4,14,365,36,286,83,3,1,Kayseri
Abana,22,3293,2862,2788,1516,282,3,4,23,699,26,196,31,8,0,Kastamonu
Araç,138,15078,13284,12820,7472,1465,46,67,35,2279,130,1163,136,27,0,Kastamonu
Azdavay,57,6112,5202,4979,2234,616,36,43,30,1278,50,604,63,25,0,Kastamonu
Bozkurt,49,7879,6868,6611,4099,1072,14,39,26,568,101,581,101,10,0,Kastamonu
Cide,108,18047,14848,14247,8241,1485,73,106,131,2668,125,1201,180,37,0,Kastamonu
Çatalzeytin,47,5530,4755,4543,2836,507,19,27,39,646,75,324,55,15,0,Kastamonu
Daday,68,7041,6127,5913,2495,1125,31,32,33,1454,71,594,63,15,0,Kastamonu
Devrekani,68,9896,8765,8521,4744,1635,30,49,31,935,73,875,134,15,0,Kastamonu
İnebolu,106,15896,13858,13309,8274,1685,47,80,75,1571,138,1219,186,34,0,Kastamonu
Kastamonu Merkez,404,102847,90709,88818,38013,22142,153,224,778,16273,820,8985,1235,195,0,Kastamonu
Küre,45,4494,3896,3729,2039,678,10,35,18,516,30,326,67,10,0,Kastamonu
Taşköprü,170,30579,26474,25757,12943,5351,71,90,69,3654,156,2974,388,61,0,Kastamonu
Tosya,136,32513,29129,28379,16515,6966,76,104,104,1815,288,1905,575,31,0,Kastamonu
İhsangazi,35,4273,3778,3657,2181,766,15,21,16,288,21,282,61,6,0,Kastamonu
Pınarbaşı,35,4766,3939,3751,2166,390,23,36,25,633,67,365,33,13,0,Kastamonu
Şenpazar,31,3859,3084,2932,1904,315,18,34,29,359,17,217,33,6,0,Kastamonu
Ağlı,25,2395,2067,1987,1092,452,8,7,8,177,18,192,29,4,0,Kastamonu
Doğanyurt,29,4635,3763,3555,2235,637,30,32,27,274,36,216,64,4,0,Kastamonu
Hanönü,26,3305,2912,2807,1354,427,16,37,16,665,18,233,33,8,0,Kastamonu
Seydiler,27,3195,2871,2801,1547,475,8,8,11,398,21,302,29,2,0,Kastamonu
Edirne Merkez,379,129665,113977,111935,29000,5896,165,318,5182,49779,1410,19076,509,476,124,Edirne
Enez,34,9309,8398,8172,1630,266,23,33,646,4306,68,1130,36,33,1,Edirne
Havsa,54,15815,14384,13930,3472,637,43,56,381,6487,236,2470,70,64,14,Edirne
İpsala,74,21984,19661,18953,6475,916,78,63,199,8199,129,2736,99,49,10,Edirne
Keşan,205,62536,55365,54039,15832,2803,97,140,1419,26067,407,6824,265,162,23,Edirne
Lalapaşa,31,5373,4880,4701,1819,278,14,24,57,1734,62,674,16,16,7,Edirne
Meriç,43,11788,10249,9737,3131,349,45,43,119,4521,71,1368,54,29,7,Edirne
Uzunköprü,165,49212,43851,42347,10883,1666,130,165,679,20451,320,7663,170,192,28,Edirne
Süloğlu,18,4932,4397,4263,1388,293,12,21,62,1708,62,673,28,12,4,Edirne
Akçaabat,328,89071,78911,76795,43818,10415,109,164,444,10093,1684,8934,936,162,36,Trabzon
Araklı,138,34344,28633,28144,19489,3958,19,37,179,1543,964,1534,389,27,5,Trabzon
Arsin,79,21038,18380,18113,11989,2693,15,32,59,1249,515,1326,207,23,5,Trabzon
Çaykara,59,11059,9521,9160,6127,968,19,34,58,973,263,587,103,21,7,Trabzon
Maçka,101,19243,16654,16271,9571,1873,18,33,75,2996,387,1091,199,22,6,Trabzon
Of,130,33135,29257,28687,19253,4394,23,54,182,1957,1152,1214,405,34,19,Trabzon
Sürmene,90,19719,16770,16324,10363,2054,21,32,95,1781,611,1140,194,28,5,Trabzon
Tonya,45,11848,10503,9969,5396,730,29,31,204,2421,270,755,94,34,5,Trabzon
Vakfıkebir,83,20857,18407,17837,9820,2621,37,44,83,2576,401,1976,235,40,4,Trabzon
Yomra,94,26731,22879,22464,12595,3392,30,45,150,2659,432,2835,282,42,2,Trabzon
Beşikdüzü,62,16871,14914,14460,5236,1401,35,52,160,4318,195,2852,147,56,8,Trabzon
Şalpazarı,38,9231,8263,7986,5051,732,27,19,24,1003,169,865,75,16,5,Trabzon
Çarşıbaşı,45,11785,10547,10204,5761,1533,34,29,46,1194,116,1333,140,16,2,Trabzon
Dernekpazarı,17,3332,2923,2832,2086,220,2,8,3,170,139,167,33,3,1,Trabzon
Düzköy,37,10682,9195,8915,4823,1160,15,16,85,1918,138,620,119,18,3,Trabzon
Hayrat,40,6444,5736,5643,4172,766,11,4,9,265,112,169,78,5,52,Trabzon
Köprübaşı,21,3843,3213,3099,2229,368,11,2,7,150,102,185,44,1,0,Trabzon
Ortahisar,679,233950,204700,200917,96711,27714,160,280,2410,37082,4845,28684,2355,554,122,Trabzon
Adıyaman Merkez,620,193718,170910,166939,80895,16923,1322,184,32013,21296,2699,10293,1146,168,0,Adıyaman
Besni,195,50927,42421,41083,22159,3733,183,121,4083,6994,479,2941,317,73,0,Adıyaman
Çelikhan,53,10671,9888,9634,5348,509,43,14,1909,1299,239,210,53,10,0,Adıyaman
Gerger,63,11605,8803,8528,6688,284,41,26,788,309,163,180,40,9,0,Adıyaman
Gölbaşı,115,34202,29717,29005,13369,4106,88,80,2256,6492,270,1982,308,54,0,Adıyaman
Kahta,290,74961,62538,60785,40651,3304,2301,123,9707,1780,1377,1195,316,31,0,Adıyaman
Samsat,25,4806,4414,4319,2853,418,219,1,384,105,146,174,15,4,0,Adıyaman
Sincik,54,11512,10450,10366,9046,497,26,4,196,147,104,305,37,4,0,Adıyaman
Tut,28,6879,5957,5725,2763,747,26,18,305,1298,37,473,48,10,0,Adıyaman
Seçim çevresi toplamı (3 nolu),3756,1317525,1185636,1168663,466935,162684,1325,2234,63678,278375,18679,158152,12546,3586,469,Ankara
Ayaş,45,9827,9049,8872,3711,1088,21,33,278,2716,83,853,65,22,2,Ankara
Beypazarı,157,36755,32677,31979,14822,6814,58,87,573,3517,381,5238,434,48,7,Ankara
Nallıhan,121,22582,20128,19516,8890,2995,51,56,127,3661,171,3247,248,60,10,Ankara
Yenimahalle,1320,483390,436824,430886,147343,49092,330,953,28961,131397,7376,59713,3968,1551,202,Ankara
Sincan,1029,361722,327145,321802,167607,54765,521,398,12341,42449,4565,34055,4349,674,78,Ankara
Etimesgut,1084,403249,359813,355608,124562,47930,344,707,21398,94635,6103,55046,3482,1231,170,Ankara
